{"type":"FeatureCollection","features":[{"type":"Feature","properties":{"site":"Blue Creek","t":"poly"},"geometry":{"type":"Polygon","coordinates":[[[-89.013803,17.905298],[-89.013951,17.90532],[-89.013943,17.905354],[-89.013953,17.905346],[-89.013952,17.905312],[-89.013987,17.905313],[-89.013996,17.905358],[-89.013942,17.905357],[-89.013793,17.905327],[-89.013803,17.905298]]]}},{"type":"Feature","properties":{"site":"Blue Creek","t":"poly"},"geometry":{"type":"Polygon","coordinates":[[[-89.013726,17.9051],[-89.013784,17.905101],[-89.013787,17.905134],[-89.01374,17.905136],[-89.013744,17.905173],[-89.013807,17.905169],[-89.013798,17.905069],[-89.013805,17.905027],[-89.013936,17.905047],[-89.013927,17.905094],[-89.013802,17.905072],[-89.013813,17.905169],[-89.013836,17.905168],[-89.013841,17.905235],[-89.013739,17.90524],[-89.013726,17.9051]]]}},{"type":"Feature","properties":{"site":"Blue Creek","t":"poly"},"geometry":{"type":"Polygon","coordinates":[[[-89.017867,17.904628],[-89.017863,17.904549],[-89.017927,17.90455],[-89.017931,17.904629],[-89.017867,17.904628]]]}},{"type":"Feature","properties":{"site":"Blue Creek","t":"poly"},"geometry":{"type":"Polygon","coordinates":[[[-89.017755,17.904707],[-89.017767,17.904753],[-89.017675,17.904769],[-89.017663,17.904723],[-89.017755,17.904707]]]}},{"type":"Feature","properties":{"site":"Blue Creek","t":"poly"},"geometry":{"type":"Polygon","coordinates":[[[-89.015826,17.90429],[-89.015822,17.904253],[-89.015912,17.90425],[-89.015915,17.904285],[-89.016066,17.904397],[-89.016092,17.90439],[-89.01615,17.904549],[-89.016123,17.904557],[-89.01614,17.904608],[-89.016139,17.904652],[-89.016231,17.904696],[-89.016247,17.904669],[-89.016281,17.904686],[-89.0163,17.904659],[-89.016342,17.904686],[-89.016321,17.904716],[-89.016283,17.904693],[-89.016269,17.904716],[-89.016375,17.904768],[-89.016376,17.904717],[-89.016742,17.904715],[-89.016748,17.904873],[-89.016837,17.904872],[-89.016836,17.904772],[-89.016937,17.904771],[-89.016938,17.904873],[-89.01698,17.904873],[-89.01698,17.905013],[-89.01669,17.905018],[-89.01669,17.904778],[-89.016379,17.904777],[-89.016135,17.904656],[-89.016132,17.904677],[-89.016077,17.904673],[-89.016113,17.904836],[-89.016136,17.904844],[-89.016129,17.904866],[-89.016182,17.904922],[-89.016291,17.904949],[-89.016282,17.904988],[-89.016553,17.905059],[-89.016512,17.905209],[-89.016441,17.905195],[-89.016453,17.905131],[-89.016351,17.905106],[-89.016361,17.905055],[-89.016274,17.905033],[-89.016269,17.905052],[-89.016184,17.905032],[-89.016178,17.90507],[-89.016205,17.905075],[-89.016208,17.905157],[-89.016148,17.905151],[-89.016149,17.90513],[-89.016118,17.905125],[-89.016124,17.905067],[-89.016172,17.905072],[-89.01618,17.905026],[-89.016162,17.905021],[-89.01618,17.904929],[-89.016124,17.904869],[-89.016119,17.90488],[-89.016055,17.90486],[-89.016005,17.904794],[-89.016032,17.904774],[-89.016072,17.904825],[-89.016108,17.904837],[-89.016071,17.90467],[-89.016028,17.904666],[-89.015796,17.904708],[-89.015826,17.90483],[-89.015947,17.9048],[-89.015961,17.904866],[-89.015945,17.90487],[-89.015951,17.9049],[-89.016027,17.904917],[-89.016017,17.904964],[-89.016025,17.904919],[-89.01601,17.904927],[-89.015997,17.905039],[-89.016012,17.904967],[-89.01607,17.904972],[-89.016042,17.905122],[-89.015937,17.905107],[-89.015947,17.905043],[-89.015891,17.905033],[-89.015912,17.904877],[-89.01585,17.904888],[-89.015836,17.904836],[-89.015743,17.904853],[-89.015695,17.904676],[-89.015788,17.904657],[-89.015799,17.904695],[-89.016019,17.904655],[-89.016022,17.904602],[-89.016134,17.90461],[-89.016116,17.904555],[-89.016093,17.904561],[-89.016043,17.904407],[-89.016063,17.904401],[-89.01591,17.904288],[-89.015826,17.90429]]]}},{"type":"Feature","properties":{"site":"Blue Creek","t":"poly"},"geometry":{"type":"Polygon","coordinates":[[[-89.016527,17.904919],[-89.016512,17.904876],[-89.016557,17.904863],[-89.016571,17.904908],[-89.016527,17.904919]]]}},{"type":"Feature","properties":{"site":"Blue Creek","t":"poly"},"geometry":{"type":"Polygon","coordinates":[[[-89.016391,17.904841],[-89.016447,17.904813],[-89.016468,17.904849],[-89.016414,17.904876],[-89.016391,17.904841]]]}},{"type":"Feature","properties":{"site":"Blue Creek","t":"poly"},"geometry":{"type":"Polygon","coordinates":[[[-89.01618,17.904758],[-89.016172,17.904709],[-89.016216,17.904703],[-89.016223,17.904754],[-89.01618,17.904758]]]}},{"type":"Feature","properties":{"site":"Blue Creek","t":"poly"},"geometry":{"type":"Polygon","coordinates":[[[-89.019015,17.905758],[-89.019003,17.905808],[-89.018946,17.905798],[-89.018954,17.905744],[-89.018907,17.905732],[-89.01908,17.905768],[-89.018998,17.906058],[-89.019018,17.906143],[-89.019004,17.906217],[-89.018827,17.906196],[-89.018825,17.90621],[-89.018774,17.906204],[-89.018784,17.906095],[-89.018785,17.906138],[-89.018821,17.906143],[-89.018826,17.906186],[-89.018873,17.906192],[-89.018885,17.906128],[-89.018945,17.906132],[-89.018924,17.906041],[-89.018967,17.905873],[-89.019038,17.905892],[-89.019072,17.905771],[-89.019015,17.905758]]]}},{"type":"Feature","properties":{"site":"Blue Creek","t":"poly"},"geometry":{"type":"Polygon","coordinates":[[[-89.017762,17.906397],[-89.017737,17.906376],[-89.017742,17.906356],[-89.017814,17.906255],[-89.017964,17.906347],[-89.017973,17.906332],[-89.017793,17.906231],[-89.017821,17.906189],[-89.017642,17.906093],[-89.017608,17.906223],[-89.017639,17.906228],[-89.01761,17.906302],[-89.017578,17.9063],[-89.017574,17.906312],[-89.017484,17.906294],[-89.017524,17.906187],[-89.017562,17.90619],[-89.017568,17.906163],[-89.017527,17.906153],[-89.017554,17.906032],[-89.017665,17.905766],[-89.017413,17.90566],[-89.017391,17.905656],[-89.017387,17.905676],[-89.017239,17.905657],[-89.01724,17.905634],[-89.017173,17.905633],[-89.017172,17.905676],[-89.017147,17.905683],[-89.017052,17.905669],[-89.017052,17.905641],[-89.017035,17.90564],[-89.016988,17.905816],[-89.01695,17.905818],[-89.016922,17.905873],[-89.016948,17.905875],[-89.016936,17.905968],[-89.016887,17.906131],[-89.016793,17.90612],[-89.016873,17.905836],[-89.016671,17.905806],[-89.01665,17.905869],[-89.016504,17.905845],[-89.016483,17.905857],[-89.016365,17.905852],[-89.016275,17.905803],[-89.016211,17.905789],[-89.016217,17.905747],[-89.016295,17.905576],[-89.016336,17.905523],[-89.016374,17.905535],[-89.016365,17.905549],[-89.01644,17.905622],[-89.016423,17.905771],[-89.0164,17.905769],[-89.016399,17.905788],[-89.016448,17.905795],[-89.016447,17.905818],[-89.016486,17.90582],[-89.016484,17.90585],[-89.016499,17.905842],[-89.016555,17.905618],[-89.016621,17.905616],[-89.016635,17.905527],[-89.016586,17.905519],[-89.016585,17.905478],[-89.016702,17.905506],[-89.01668,17.905613],[-89.016926,17.905611],[-89.016924,17.90564],[-89.016916,17.905619],[-89.016633,17.905633],[-89.016573,17.905852],[-89.016607,17.905852],[-89.016625,17.905782],[-89.016736,17.90581],[-89.016756,17.905771],[-89.016821,17.905777],[-89.016803,17.905819],[-89.016879,17.90583],[-89.016907,17.905717],[-89.016999,17.905722],[-89.017027,17.905631],[-89.017047,17.90563],[-89.016988,17.905619],[-89.016989,17.905586],[-89.01705,17.905591],[-89.01705,17.905563],[-89.017126,17.905571],[-89.017137,17.905499],[-89.0172,17.905508],[-89.017182,17.905624],[-89.017234,17.905624],[-89.017247,17.905548],[-89.017409,17.90557],[-89.017399,17.905617],[-89.01742,17.905621],[-89.017422,17.90561],[-89.017506,17.90562],[-89.017936,17.905562],[-89.01794,17.905541],[-89.01795,17.905571],[-89.0175,17.905628],[-89.017492,17.905671],[-89.017749,17.905781],[-89.017652,17.906087],[-89.018104,17.906334],[-89.018069,17.906387],[-89.017975,17.906335],[-89.017968,17.906347],[-89.017989,17.90636],[-89.017918,17.90647],[-89.017832,17.906426],[-89.017784,17.90648],[-89.017734,17.906458],[-89.017728,17.90648],[-89.017598,17.906457],[-89.017726,17.906478],[-89.017623,17.906457],[-89.017627,17.906421],[-89.017695,17.906433],[-89.017691,17.906469],[-89.017725,17.906475],[-89.017762,17.906397]]]}},{"type":"Feature","properties":{"site":"Blue Creek","t":"poly"},"geometry":{"type":"Polygon","coordinates":[[[-89.017719,17.906232],[-89.01775,17.906246],[-89.017737,17.906277],[-89.017705,17.906264],[-89.017719,17.906232]]]}},{"type":"Feature","properties":{"site":"Blue Creek","t":"poly"},"geometry":{"type":"Polygon","coordinates":[[[-89.018384,17.905799],[-89.018383,17.905823],[-89.018197,17.905814],[-89.01819,17.905767],[-89.018058,17.905694],[-89.018043,17.905525],[-89.018047,17.905555],[-89.01852,17.905507],[-89.018488,17.905738],[-89.018436,17.905802],[-89.018384,17.905799]]]}},{"type":"Feature","properties":{"site":"Blue Creek","t":"poly"},"geometry":{"type":"Polygon","coordinates":[[[-89.017248,17.906201],[-89.017407,17.906203],[-89.017408,17.906204],[-89.017385,17.906243],[-89.017189,17.906235],[-89.017231,17.906121],[-89.017306,17.906123],[-89.017301,17.906159],[-89.017267,17.906159],[-89.017248,17.906201]]]}},{"type":"Feature","properties":{"site":"Blue Creek","t":"poly"},"geometry":{"type":"Polygon","coordinates":[[[-89.017621,17.906457],[-89.01758,17.906448],[-89.017622,17.906456],[-89.017621,17.906457]]]}},{"type":"Feature","properties":{"site":"Blue Creek","t":"poly"},"geometry":{"type":"Polygon","coordinates":[[[-89.016126,17.905193],[-89.016118,17.905216],[-89.016087,17.905212],[-89.016094,17.90519],[-89.016126,17.905193]]]}},{"type":"Feature","properties":{"site":"Blue Creek","t":"poly"},"geometry":{"type":"Polygon","coordinates":[[[-89.01588,17.905085],[-89.015868,17.905154],[-89.015812,17.90514],[-89.01582,17.905068],[-89.01588,17.905085]]]}},{"type":"Feature","properties":{"site":"Blue Creek","t":"poly"},"geometry":{"type":"Polygon","coordinates":[[[-89.015993,17.905196],[-89.015939,17.905194],[-89.015936,17.905134],[-89.015989,17.905134],[-89.015993,17.905196]]]}},{"type":"Feature","properties":{"site":"Blue Creek","t":"poly"},"geometry":{"type":"Polygon","coordinates":[[[-89.015935,17.904539],[-89.015863,17.904537],[-89.015855,17.904503],[-89.015932,17.904504],[-89.015935,17.904539]]]}},{"type":"Feature","properties":{"site":"Blue Creek","t":"poly"},"geometry":{"type":"Polygon","coordinates":[[[-89.015947,17.904572],[-89.015938,17.904612],[-89.015841,17.90459],[-89.015845,17.904552],[-89.015947,17.904572]]]}},{"type":"Feature","properties":{"site":"Blue Creek","t":"poly"},"geometry":{"type":"Polygon","coordinates":[[[-89.015727,17.904335],[-89.015745,17.904378],[-89.015745,17.90438],[-89.015719,17.904382],[-89.0157,17.904339],[-89.015727,17.904335]]]}},{"type":"Feature","properties":{"site":"Blue Creek","t":"poly"},"geometry":{"type":"Polygon","coordinates":[[[-89.015368,17.904247],[-89.015363,17.904333],[-89.015318,17.904335],[-89.015324,17.90425],[-89.015368,17.904247]]]}},{"type":"Feature","properties":{"site":"Blue Creek","t":"poly"},"geometry":{"type":"Polygon","coordinates":[[[-89.015401,17.903941],[-89.015369,17.90398],[-89.015309,17.903953],[-89.015339,17.903912],[-89.015401,17.903941]]]}},{"type":"Feature","properties":{"site":"Blue Creek","t":"poly"},"geometry":{"type":"Polygon","coordinates":[[[-89.015683,17.904105],[-89.015631,17.904113],[-89.015587,17.903965],[-89.01564,17.903954],[-89.015683,17.904105]]]}},{"type":"Feature","properties":{"site":"Blue Creek","t":"poly"},"geometry":{"type":"Polygon","coordinates":[[[-89.015599,17.9041],[-89.015644,17.904237],[-89.015535,17.904249],[-89.015505,17.904114],[-89.015599,17.9041]]]}},{"type":"Feature","properties":{"site":"Blue Creek","t":"poly"},"geometry":{"type":"Polygon","coordinates":[[[-89.013643,17.905074],[-89.013625,17.905119],[-89.013542,17.905093],[-89.013569,17.90505],[-89.013643,17.905074]]]}},{"type":"Feature","properties":{"site":"Blue Creek","t":"poly"},"geometry":{"type":"Polygon","coordinates":[[[-89.013627,17.905171],[-89.013627,17.905192],[-89.013603,17.905186],[-89.013603,17.90517],[-89.013627,17.905171]]]}},{"type":"Feature","properties":{"site":"Blue Creek","t":"poly"},"geometry":{"type":"Polygon","coordinates":[[[-89.01383,17.905429],[-89.013816,17.905462],[-89.013791,17.905452],[-89.013803,17.905421],[-89.01383,17.905429]]]}},{"type":"Feature","properties":{"site":"Blue Creek West","t":"poly"},"geometry":{"type":"Polygon","coordinates":[[[-89.027072,17.908516],[-89.027066,17.90854],[-89.027012,17.908547],[-89.026998,17.908483],[-89.027072,17.908516]]]}},{"type":"Feature","properties":{"site":"Blue Creek West","t":"poly"},"geometry":{"type":"Polygon","coordinates":[[[-89.026707,17.908627],[-89.026717,17.90863],[-89.026704,17.908685],[-89.026735,17.908687],[-89.026733,17.908704],[-89.026798,17.908709],[-89.026815,17.908595],[-89.02685,17.908597],[-89.026836,17.908687],[-89.026806,17.908686],[-89.026801,17.908714],[-89.026699,17.908713],[-89.026707,17.908627]]]}},{"type":"Feature","properties":{"site":"Blue Creek West","t":"poly"},"geometry":{"type":"Polygon","coordinates":[[[-89.027264,17.908274],[-89.027256,17.908261],[-89.02732,17.908259],[-89.027341,17.908229],[-89.027371,17.908257],[-89.027437,17.908255],[-89.027432,17.90827],[-89.027431,17.908258],[-89.02737,17.908261],[-89.027348,17.908282],[-89.027327,17.908263],[-89.027264,17.908274]]]}},{"type":"Feature","properties":{"site":"Blue Creek West","t":"poly"},"geometry":{"type":"Polygon","coordinates":[[[-89.027539,17.908632],[-89.027393,17.908644],[-89.027357,17.908697],[-89.027329,17.908682],[-89.027336,17.90867],[-89.027226,17.90853],[-89.02719,17.908522],[-89.027215,17.908418],[-89.027232,17.908421],[-89.027307,17.90834],[-89.027293,17.908326],[-89.027317,17.908305],[-89.027717,17.908304],[-89.027667,17.908498],[-89.027633,17.90848],[-89.027674,17.908304],[-89.027328,17.908319],[-89.027337,17.90833],[-89.027236,17.908425],[-89.027249,17.908429],[-89.027237,17.908476],[-89.027248,17.908489],[-89.027232,17.908527],[-89.027342,17.908667],[-89.027369,17.908625],[-89.02739,17.908638],[-89.027533,17.908626],[-89.027532,17.908613],[-89.027539,17.908632]]]}},{"type":"Feature","properties":{"site":"Blue Creek West","t":"poly"},"geometry":{"type":"Polygon","coordinates":[[[-89.027857,17.908153],[-89.027964,17.908174],[-89.027972,17.908149],[-89.028089,17.908183],[-89.028082,17.908211],[-89.028146,17.908229],[-89.028086,17.908471],[-89.027942,17.908452],[-89.027929,17.908468],[-89.027825,17.908442],[-89.02783,17.908417],[-89.027796,17.908407],[-89.027857,17.908153]]]}},{"type":"Feature","properties":{"site":"Chan Cahal / Blue Creek N","t":"poly"},"geometry":{"type":"Polygon","coordinates":[[[-88.902129,17.862938],[-88.902104,17.862962],[-88.902088,17.862948],[-88.901969,17.86294],[-88.901977,17.86282],[-88.901939,17.862817],[-88.901942,17.862785],[-88.901873,17.862779],[-88.901875,17.862651],[-88.901852,17.86264],[-88.901881,17.862477],[-88.902129,17.862503],[-88.902111,17.862708],[-88.902209,17.862714],[-88.902195,17.862848],[-88.902214,17.862868],[-88.90214,17.862946],[-88.902129,17.862938]]]}},{"type":"Feature","properties":{"site":"Chan Cahal / Blue Creek N","t":"poly"},"geometry":{"type":"Polygon","coordinates":[[[-88.901642,17.857765],[-88.901631,17.857778],[-88.901615,17.857766],[-88.901608,17.857784],[-88.901565,17.857754],[-88.901558,17.857764],[-88.901368,17.85763],[-88.901401,17.857435],[-88.901553,17.857469],[-88.901577,17.857486],[-88.901578,17.85753],[-88.90167,17.85765],[-88.901689,17.857628],[-88.901716,17.857646],[-88.901703,17.857666],[-88.901736,17.857689],[-88.901664,17.85778],[-88.901642,17.857765]]]}},{"type":"Feature","properties":{"site":"Chan Cahal / Blue Creek N","t":"poly"},"geometry":{"type":"Polygon","coordinates":[[[-88.900245,17.856772],[-88.900416,17.856788],[-88.900421,17.856719],[-88.900689,17.856742],[-88.900656,17.857143],[-88.900223,17.857122],[-88.900245,17.856772]]]}},{"type":"Feature","properties":{"site":"Chan Cahal / Blue Creek N","t":"poly"},"geometry":{"type":"Polygon","coordinates":[[[-88.902852,17.850345],[-88.902867,17.850246],[-88.902712,17.850224],[-88.902653,17.850249],[-88.902707,17.850207],[-88.902887,17.850233],[-88.902876,17.850304],[-88.902911,17.850321],[-88.902892,17.850404],[-88.902935,17.850415],[-88.902929,17.850449],[-88.902886,17.850444],[-88.902865,17.850565],[-88.902897,17.850355],[-88.902859,17.850553],[-88.902891,17.850351],[-88.902852,17.850345]]]}},{"type":"Feature","properties":{"site":"Chan Cahal / Blue Creek N","t":"poly"},"geometry":{"type":"Polygon","coordinates":[[[-88.901219,17.849372],[-88.901156,17.849372],[-88.901103,17.849372],[-88.901115,17.849405],[-88.90108,17.849407],[-88.901078,17.849335],[-88.901062,17.849335],[-88.901071,17.849406],[-88.901034,17.849411],[-88.901058,17.84941],[-88.901093,17.849546],[-88.901055,17.849563],[-88.901106,17.849553],[-88.901116,17.8496],[-88.901235,17.849583],[-88.901239,17.849601],[-88.901232,17.849589],[-88.901106,17.84962],[-88.901087,17.849559],[-88.900984,17.849645],[-88.900897,17.84924],[-88.900906,17.849189],[-88.901038,17.849188],[-88.901034,17.849149],[-88.901087,17.849145],[-88.901321,17.849206],[-88.901319,17.849289],[-88.901228,17.849289],[-88.901244,17.849359],[-88.901328,17.849364],[-88.901322,17.849377],[-88.901257,17.849364],[-88.901255,17.849378],[-88.901277,17.84938],[-88.901288,17.849547],[-88.901142,17.849568],[-88.901126,17.849485],[-88.901213,17.849472],[-88.901224,17.849446],[-88.901219,17.849372]]]}},{"type":"Feature","properties":{"site":"Chan Cahal / Blue Creek N","t":"poly"},"geometry":{"type":"Polygon","coordinates":[[[-88.900386,17.859065],[-88.90032,17.859172],[-88.900383,17.859066],[-88.90032,17.859168],[-88.90038,17.859065],[-88.900356,17.859054],[-88.900375,17.859018],[-88.900402,17.85903],[-88.900463,17.858928],[-88.900386,17.859065]]]}},{"type":"Feature","properties":{"site":"Chan Cahal / Blue Creek N","t":"poly"},"geometry":{"type":"Polygon","coordinates":[[[-88.900642,17.859165],[-88.900778,17.859155],[-88.900635,17.859162],[-88.900775,17.859151],[-88.900773,17.859131],[-88.900826,17.859126],[-88.900842,17.859138],[-88.900861,17.859116],[-88.900836,17.85915],[-88.900864,17.859129],[-88.900863,17.859114],[-88.900924,17.859162],[-88.900909,17.859181],[-88.900952,17.859306],[-88.900972,17.859307],[-88.900938,17.859312],[-88.900974,17.859307],[-88.900975,17.859345],[-88.900946,17.859398],[-88.900921,17.859398],[-88.900841,17.859586],[-88.900531,17.859485],[-88.900636,17.859166],[-88.900533,17.859482],[-88.900642,17.859165]]]}},{"type":"Feature","properties":{"site":"Chan Cahal / Blue Creek N","t":"poly"},"geometry":{"type":"Polygon","coordinates":[[[-88.901396,17.856979],[-88.901499,17.856968],[-88.901527,17.856979],[-88.901498,17.856982],[-88.901527,17.856982],[-88.901496,17.856984],[-88.901496,17.857011],[-88.901458,17.857013],[-88.901417,17.857003],[-88.901416,17.856983],[-88.901397,17.856983],[-88.901414,17.856981],[-88.901396,17.856979]]]}},{"type":"Feature","properties":{"site":"Chan Cahal / Blue Creek N","t":"poly"},"geometry":{"type":"Polygon","coordinates":[[[-88.902733,17.850308],[-88.902785,17.850313],[-88.902778,17.850365],[-88.902726,17.850359],[-88.902733,17.850308]]]}},{"type":"Feature","properties":{"site":"Chan Cahal / Blue Creek N","t":"poly"},"geometry":{"type":"Polygon","coordinates":[[[-88.901541,17.85004],[-88.901492,17.850057],[-88.901483,17.850037],[-88.901621,17.849991],[-88.901617,17.849956],[-88.901656,17.849952],[-88.901658,17.849966],[-88.901689,17.84995],[-88.901695,17.849979],[-88.901657,17.849971],[-88.901658,17.84999],[-88.901535,17.850022],[-88.901541,17.85004]]]}},{"type":"Feature","properties":{"site":"Chan Cahal / Blue Creek N","t":"poly"},"geometry":{"type":"Polygon","coordinates":[[[-88.901708,17.849908],[-88.901693,17.849868],[-88.901698,17.849794],[-88.901735,17.84979],[-88.901762,17.849861],[-88.90171,17.849876],[-88.901716,17.849939],[-88.901671,17.849953],[-88.901665,17.849906],[-88.901708,17.849908]]]}},{"type":"Feature","properties":{"site":"Chan Cahal / Blue Creek N","t":"poly"},"geometry":{"type":"Polygon","coordinates":[[[-88.901335,17.849912],[-88.901406,17.849996],[-88.901477,17.849998],[-88.901476,17.850015],[-88.901407,17.849999],[-88.901417,17.85001],[-88.901391,17.850028],[-88.901408,17.850044],[-88.901387,17.850059],[-88.901416,17.850049],[-88.901434,17.850069],[-88.901403,17.850092],[-88.901368,17.850042],[-88.901388,17.850028],[-88.901349,17.849982],[-88.901339,17.849972],[-88.901309,17.849992],[-88.901276,17.849957],[-88.901335,17.849912]]]}},{"type":"Feature","properties":{"site":"Chan Cahal / Blue Creek N","t":"poly"},"geometry":{"type":"Polygon","coordinates":[[[-88.901452,17.850172],[-88.901493,17.850172],[-88.901496,17.850205],[-88.901421,17.850224],[-88.901452,17.850172]]]}},{"type":"Feature","properties":{"site":"Chan Cahal / Blue Creek N","t":"poly"},"geometry":{"type":"Polygon","coordinates":[[[-88.901142,17.849686],[-88.90113,17.849698],[-88.901182,17.849792],[-88.901233,17.849771],[-88.901255,17.849815],[-88.901199,17.849838],[-88.901109,17.849703],[-88.901142,17.849686]]]}},{"type":"Feature","properties":{"site":"Chan Cahal / Blue Creek N","t":"poly"},"geometry":{"type":"Polygon","coordinates":[[[-88.902833,17.850556],[-88.902825,17.85058],[-88.902808,17.850573],[-88.902815,17.850551],[-88.902833,17.850556]]]}},{"type":"Feature","properties":{"site":"Chan Cahal / Blue Creek N","t":"poly"},"geometry":{"type":"Polygon","coordinates":[[[-88.905584,17.847131],[-88.905549,17.847131],[-88.905548,17.847108],[-88.905583,17.847107],[-88.905584,17.847131]]]}},{"type":"Feature","properties":{"site":"Chan Cahal / Blue Creek N","t":"poly"},"geometry":{"type":"Polygon","coordinates":[[[-88.905765,17.847191],[-88.905668,17.847195],[-88.905667,17.847156],[-88.905765,17.847155],[-88.905765,17.847191]]]}},{"type":"Feature","properties":{"site":"Chan Cahal / Blue Creek N","t":"poly"},"geometry":{"type":"Polygon","coordinates":[[[-88.90361,17.845193],[-88.903605,17.845174],[-88.903643,17.845176],[-88.903641,17.845195],[-88.90361,17.845193]]]}},{"type":"Feature","properties":{"site":"Chan Cahal / Blue Creek N","t":"poly"},"geometry":{"type":"Polygon","coordinates":[[[-88.904681,17.845954],[-88.904681,17.845994],[-88.904633,17.845994],[-88.904632,17.845955],[-88.904681,17.845954]]]}},{"type":"Feature","properties":{"site":"Chan Cahal / Blue Creek N","t":"poly"},"geometry":{"type":"Polygon","coordinates":[[[-88.902886,17.846805],[-88.902887,17.846897],[-88.902837,17.846897],[-88.902836,17.846805],[-88.902886,17.846805]]]}},{"type":"Feature","properties":{"site":"Chan Cahal / Blue Creek N","t":"poly"},"geometry":{"type":"Polygon","coordinates":[[[-88.902772,17.846803],[-88.902774,17.846905],[-88.902728,17.846906],[-88.902727,17.846804],[-88.902772,17.846803]]]}},{"type":"Feature","properties":{"site":"Chan Cahal / Blue Creek N","t":"poly"},"geometry":{"type":"Polygon","coordinates":[[[-88.902673,17.846981],[-88.902674,17.847016],[-88.9026,17.847017],[-88.902599,17.846981],[-88.902673,17.846981]]]}},{"type":"Feature","properties":{"site":"Chan Cahal / Blue Creek N","t":"poly"},"geometry":{"type":"Polygon","coordinates":[[[-88.902537,17.846886],[-88.902538,17.846942],[-88.90249,17.846943],[-88.902489,17.846886],[-88.902537,17.846886]]]}},{"type":"Feature","properties":{"site":"Chan Cahal / Blue Creek N","t":"poly"},"geometry":{"type":"Polygon","coordinates":[[[-88.904053,17.84629],[-88.903985,17.846331],[-88.903937,17.84626],[-88.904004,17.846218],[-88.904053,17.84629]]]}},{"type":"Feature","properties":{"site":"Chan Cahal / Blue Creek N","t":"poly"},"geometry":{"type":"Polygon","coordinates":[[[-88.903569,17.844557],[-88.90357,17.844605],[-88.903513,17.844605],[-88.903513,17.844557],[-88.903569,17.844557]]]}},{"type":"Feature","properties":{"site":"Chan Cahal / Blue Creek N","t":"poly"},"geometry":{"type":"Polygon","coordinates":[[[-88.903502,17.844669],[-88.903481,17.844692],[-88.90346,17.844675],[-88.90348,17.844652],[-88.903502,17.844669]]]}},{"type":"Feature","properties":{"site":"Chan Cahal / Blue Creek N","t":"poly"},"geometry":{"type":"Polygon","coordinates":[[[-88.903999,17.846482],[-88.903952,17.846551],[-88.903877,17.846505],[-88.903924,17.846436],[-88.903999,17.846482]]]}},{"type":"Feature","properties":{"site":"Gran Cacao","t":"poly"},"geometry":{"type":"Polygon","coordinates":[[[-89.029685,17.995206],[-89.029622,17.995356],[-89.029476,17.995309],[-89.029532,17.995159],[-89.029563,17.995167],[-89.029591,17.995091],[-89.029673,17.995113],[-89.029643,17.99519],[-89.029685,17.995206]]]}},{"type":"Feature","properties":{"site":"Gran Cacao","t":"poly"},"geometry":{"type":"Polygon","coordinates":[[[-89.029865,17.995296],[-89.029845,17.995331],[-89.029813,17.995316],[-89.029834,17.99528],[-89.029865,17.995296]]]}},{"type":"Feature","properties":{"site":"Gran Cacao","t":"poly"},"geometry":{"type":"Polygon","coordinates":[[[-89.02949,17.995451],[-89.029477,17.995491],[-89.029427,17.995476],[-89.02944,17.995434],[-89.02949,17.995451]]]}},{"type":"Feature","properties":{"site":"Gran Cacao","t":"poly"},"geometry":{"type":"Polygon","coordinates":[[[-89.029378,17.995572],[-89.029327,17.995711],[-89.029306,17.99571],[-89.029296,17.995732],[-89.029225,17.995711],[-89.029234,17.995683],[-89.029218,17.995665],[-89.029265,17.995536],[-89.029378,17.995572]]]}},{"type":"Feature","properties":{"site":"Gran Cacao","t":"poly"},"geometry":{"type":"Polygon","coordinates":[[[-89.029566,17.995817],[-89.029725,17.995851],[-89.029703,17.995943],[-89.029784,17.995965],[-89.02975,17.996078],[-89.029693,17.996064],[-89.029669,17.996131],[-89.029554,17.9961],[-89.029543,17.99614],[-89.02945,17.996116],[-89.029472,17.996031],[-89.029562,17.996054],[-89.029552,17.996093],[-89.029666,17.996124],[-89.029689,17.996058],[-89.029646,17.996046],[-89.029649,17.996021],[-89.029678,17.99594],[-89.0297,17.995938],[-89.029556,17.995907],[-89.029566,17.995817]]]}},{"type":"Feature","properties":{"site":"Gran Cacao","t":"poly"},"geometry":{"type":"Polygon","coordinates":[[[-89.029444,17.995845],[-89.029441,17.99588],[-89.029407,17.995879],[-89.029409,17.995842],[-89.029444,17.995845]]]}},{"type":"Feature","properties":{"site":"Gran Cacao","t":"poly"},"geometry":{"type":"Polygon","coordinates":[[[-89.029366,17.995843],[-89.029347,17.996111],[-89.029345,17.995866],[-89.028721,17.996064],[-89.028664,17.995773],[-89.028738,17.996013],[-89.02889,17.995967],[-89.028859,17.995877],[-89.028999,17.995835],[-89.029033,17.995931],[-89.029366,17.995843]]]}},{"type":"Feature","properties":{"site":"Gran Cacao","t":"poly"},"geometry":{"type":"Polygon","coordinates":[[[-89.029123,17.995634],[-89.029081,17.995652],[-89.029052,17.995597],[-89.029095,17.995579],[-89.029123,17.995634]]]}},{"type":"Feature","properties":{"site":"Gran Cacao","t":"poly"},"geometry":{"type":"Polygon","coordinates":[[[-89.029183,17.995476],[-89.02915,17.995508],[-89.029105,17.995473],[-89.029137,17.99544],[-89.029183,17.995476]]]}},{"type":"Feature","properties":{"site":"Gran Cacao","t":"poly"},"geometry":{"type":"Polygon","coordinates":[[[-89.029113,17.995354],[-89.0291,17.995392],[-89.029055,17.99538],[-89.029067,17.995341],[-89.029113,17.995354]]]}},{"type":"Feature","properties":{"site":"Gran Cacao","t":"poly"},"geometry":{"type":"Polygon","coordinates":[[[-89.030095,17.995181],[-89.030084,17.995233],[-89.030044,17.995225],[-89.030055,17.995173],[-89.030095,17.995181]]]}},{"type":"Feature","properties":{"site":"Gran Cacao","t":"poly"},"geometry":{"type":"Polygon","coordinates":[[[-89.029714,17.994884],[-89.029702,17.995001],[-89.029601,17.994992],[-89.029613,17.994875],[-89.029714,17.994884]]]}},{"type":"Feature","properties":{"site":"Gran Cacao","t":"poly"},"geometry":{"type":"Polygon","coordinates":[[[-89.029669,17.994756],[-89.029725,17.994806],[-89.029663,17.994866],[-89.029608,17.994817],[-89.029669,17.994756]]]}},{"type":"Feature","properties":{"site":"Gran Cacao","t":"poly"},"geometry":{"type":"Polygon","coordinates":[[[-89.029936,17.99471],[-89.029895,17.994732],[-89.02987,17.994694],[-89.029911,17.99467],[-89.029936,17.99471]]]}},{"type":"Feature","properties":{"site":"Gran Cacao","t":"poly"},"geometry":{"type":"Polygon","coordinates":[[[-89.02962,17.99463],[-89.029631,17.994617],[-89.029632,17.994629],[-89.02962,17.99463]]]}},{"type":"Feature","properties":{"site":"Gran Cacao","t":"poly"},"geometry":{"type":"Polygon","coordinates":[[[-89.029591,17.994635],[-89.029585,17.994661],[-89.029541,17.994655],[-89.029548,17.994628],[-89.029591,17.994635]]]}},{"type":"Feature","properties":{"site":"Gran Cacao","t":"poly"},"geometry":{"type":"Polygon","coordinates":[[[-89.029401,17.994563],[-89.02923,17.994631],[-89.029189,17.994544],[-89.029359,17.994475],[-89.029401,17.994563]]]}},{"type":"Feature","properties":{"site":"Gran Cacao","t":"poly"},"geometry":{"type":"Polygon","coordinates":[[[-89.03006,17.994317],[-89.030032,17.994345],[-89.030004,17.994322],[-89.030032,17.994293],[-89.03006,17.994317]]]}},{"type":"Feature","properties":{"site":"Gran Cacao","t":"poly"},"geometry":{"type":"Polygon","coordinates":[[[-89.029583,17.994174],[-89.029628,17.994175],[-89.029626,17.994215],[-89.029583,17.994214],[-89.029583,17.994174]]]}},{"type":"Feature","properties":{"site":"Gran Cacao","t":"poly"},"geometry":{"type":"Polygon","coordinates":[[[-89.029526,17.994129],[-89.029559,17.994134],[-89.029554,17.994172],[-89.029521,17.994167],[-89.029526,17.994129]]]}},{"type":"Feature","properties":{"site":"Gran Cacao","t":"poly"},"geometry":{"type":"Polygon","coordinates":[[[-89.030955,17.994052],[-89.03092,17.994156],[-89.030849,17.994138],[-89.03086,17.994097],[-89.030884,17.994102],[-89.030903,17.994037],[-89.030955,17.994052]]]}},{"type":"Feature","properties":{"site":"Gran Cacao","t":"poly"},"geometry":{"type":"Polygon","coordinates":[[[-89.030839,17.994682],[-89.030824,17.994705],[-89.030744,17.994698],[-89.030732,17.994684],[-89.030734,17.994651],[-89.030759,17.994652],[-89.030768,17.994677],[-89.030771,17.994541],[-89.03076,17.994541],[-89.030759,17.99457],[-89.030696,17.994568],[-89.030695,17.994508],[-89.030763,17.994509],[-89.030763,17.994537],[-89.030777,17.994538],[-89.030773,17.994675],[-89.030839,17.994682]]]}},{"type":"Feature","properties":{"site":"Gran Cacao","t":"poly"},"geometry":{"type":"Polygon","coordinates":[[[-89.030766,17.995183],[-89.030739,17.995324],[-89.03063,17.995767],[-89.030071,17.995666],[-89.029966,17.995444],[-89.030048,17.995413],[-89.030107,17.995537],[-89.030031,17.995569],[-89.030076,17.995659],[-89.030185,17.995676],[-89.030206,17.995588],[-89.030279,17.995602],[-89.030257,17.995693],[-89.030624,17.995759],[-89.030643,17.995678],[-89.030524,17.995653],[-89.030589,17.995382],[-89.030709,17.995404],[-89.030759,17.995184],[-89.030711,17.995405],[-89.030637,17.995658],[-89.030645,17.995677],[-89.030629,17.995764],[-89.030766,17.995183]]]}},{"type":"Feature","properties":{"site":"Gran Cacao","t":"poly"},"geometry":{"type":"Polygon","coordinates":[[[-89.030648,17.994041],[-89.030598,17.994486],[-89.030487,17.994477],[-89.03051,17.994921],[-89.030476,17.994923],[-89.030444,17.995061],[-89.030434,17.995061],[-89.03035,17.995458],[-89.030281,17.995448],[-89.030366,17.995019],[-89.030431,17.99503],[-89.030426,17.995051],[-89.030439,17.995055],[-89.030471,17.99492],[-89.03036,17.994922],[-89.029865,17.994871],[-89.03036,17.99492],[-89.030472,17.994918],[-89.030506,17.99492],[-89.030498,17.994912],[-89.030361,17.994914],[-89.030247,17.994904],[-89.030196,17.994896],[-89.030186,17.99488],[-89.029987,17.994862],[-89.029971,17.994874],[-89.029866,17.994863],[-89.02997,17.994872],[-89.029978,17.994776],[-89.030005,17.994769],[-89.030206,17.994796],[-89.030197,17.994894],[-89.030498,17.99491],[-89.030492,17.994783],[-89.030416,17.994788],[-89.030401,17.994756],[-89.030388,17.994553],[-89.030397,17.994523],[-89.030478,17.994518],[-89.030477,17.99447],[-89.03046,17.994468],[-89.030451,17.994438],[-89.030481,17.994098],[-89.030498,17.994075],[-89.030635,17.994092],[-89.03064,17.994046],[-89.030547,17.994034],[-89.030552,17.993958],[-89.030513,17.993953],[-89.030515,17.993907],[-89.029898,17.993845],[-89.029884,17.994063],[-89.029954,17.994066],[-89.029973,17.994199],[-89.02996,17.994206],[-89.029956,17.99428],[-89.029894,17.994277],[-89.02989,17.994337],[-89.029811,17.994335],[-89.029809,17.994401],[-89.029954,17.994402],[-89.029802,17.99441],[-89.029799,17.994285],[-89.029759,17.994283],[-89.029767,17.994055],[-89.029877,17.994059],[-89.029892,17.993838],[-89.030564,17.993905],[-89.030554,17.99403],[-89.030648,17.994041]]]}},{"type":"Feature","properties":{"site":"Gran Cacao","t":"poly"},"geometry":{"type":"Polygon","coordinates":[[[-89.03018,17.993605],[-89.030134,17.993691],[-89.030054,17.993656],[-89.030099,17.993566],[-89.03018,17.993605]]]}},{"type":"Feature","properties":{"site":"Gran Cacao","t":"poly"},"geometry":{"type":"Polygon","coordinates":[[[-89.030289,17.993166],[-89.030177,17.993229],[-89.030124,17.99315],[-89.030235,17.993089],[-89.030289,17.993166]]]}},{"type":"Feature","properties":{"site":"Gran Cacao","t":"poly"},"geometry":{"type":"Polygon","coordinates":[[[-89.030316,17.992939],[-89.030239,17.993031],[-89.030147,17.992964],[-89.030221,17.992869],[-89.030316,17.992939]]]}},{"type":"Feature","properties":{"site":"Gran Cacao","t":"poly"},"geometry":{"type":"Polygon","coordinates":[[[-89.030252,17.992805],[-89.030186,17.992867],[-89.030136,17.992823],[-89.030202,17.992759],[-89.030252,17.992805]]]}},{"type":"Feature","properties":{"site":"Gran Cacao","t":"poly"},"geometry":{"type":"Polygon","coordinates":[[[-89.029921,17.992734],[-89.029898,17.992822],[-89.029837,17.99281],[-89.029868,17.9927],[-89.029913,17.992709],[-89.029921,17.992734]]]}},{"type":"Feature","properties":{"site":"Gran Cacao","t":"poly"},"geometry":{"type":"Polygon","coordinates":[[[-89.02983,17.992733],[-89.029762,17.992741],[-89.029743,17.992649],[-89.029812,17.99264],[-89.02983,17.992733]]]}},{"type":"Feature","properties":{"site":"Gran Cacao","t":"poly"},"geometry":{"type":"Polygon","coordinates":[[[-89.029434,17.992594],[-89.029348,17.992594],[-89.029346,17.992316],[-89.029432,17.992315],[-89.029434,17.992594]]]}},{"type":"Feature","properties":{"site":"Nojol Nah","t":"poly"},"geometry":{"type":"Polygon","coordinates":[[[-89.045391,17.95733],[-89.045389,17.957343],[-89.045426,17.957349],[-89.045421,17.957374],[-89.045347,17.957348],[-89.045341,17.957426],[-89.045431,17.957445],[-89.045437,17.95741],[-89.045488,17.957407],[-89.045577,17.957427],[-89.045564,17.95751],[-89.045601,17.957524],[-89.045637,17.957455],[-89.045646,17.957383],[-89.045667,17.957385],[-89.045659,17.957436],[-89.045687,17.957449],[-89.045662,17.957507],[-89.045628,17.957495],[-89.045611,17.957538],[-89.04558,17.957526],[-89.045572,17.957547],[-89.045404,17.957526],[-89.045407,17.957501],[-89.045326,17.957501],[-89.04534,17.957329],[-89.045307,17.957325],[-89.045335,17.957144],[-89.045369,17.957149],[-89.045374,17.957125],[-89.045721,17.957186],[-89.045714,17.957223],[-89.045722,17.95722],[-89.045741,17.957262],[-89.045732,17.957293],[-89.04576,17.957298],[-89.04574,17.957375],[-89.045648,17.957375],[-89.045646,17.957355],[-89.045689,17.957353],[-89.045709,17.957259],[-89.045738,17.957261],[-89.045721,17.957222],[-89.045703,17.95724],[-89.045579,17.95722],[-89.045573,17.957243],[-89.045548,17.957239],[-89.045557,17.957184],[-89.045534,17.95718],[-89.045528,17.957212],[-89.045379,17.957188],[-89.045356,17.957256],[-89.045372,17.957258],[-89.045363,17.957326],[-89.045391,17.95733]]]}},{"type":"Feature","properties":{"site":"Nojol Nah","t":"poly"},"geometry":{"type":"Polygon","coordinates":[[[-89.043782,17.957607],[-89.043964,17.957626],[-89.043999,17.957612],[-89.044066,17.957627],[-89.04404,17.957717],[-89.04406,17.957727],[-89.044016,17.957944],[-89.043993,17.957959],[-89.043907,17.957947],[-89.04391,17.957921],[-89.043783,17.957911],[-89.043789,17.957902],[-89.043673,17.957836],[-89.043733,17.957739],[-89.043685,17.957739],[-89.043685,17.957689],[-89.043743,17.957688],[-89.043764,17.957626],[-89.043779,17.957627],[-89.043782,17.957607]]]}},{"type":"Feature","properties":{"site":"Nojol Nah","t":"poly"},"geometry":{"type":"Polygon","coordinates":[[[-89.042765,17.956866],[-89.042893,17.95657],[-89.043356,17.956694],[-89.043373,17.956655],[-89.043743,17.95676],[-89.043661,17.9569],[-89.044207,17.957031],[-89.044122,17.957294],[-89.044195,17.957037],[-89.04365,17.956909],[-89.043706,17.956776],[-89.043672,17.956765],[-89.043622,17.956878],[-89.043603,17.95688],[-89.043342,17.956798],[-89.043374,17.956715],[-89.043264,17.956687],[-89.043234,17.956765],[-89.043018,17.956705],[-89.043045,17.956626],[-89.042899,17.956583],[-89.042816,17.95679],[-89.042914,17.956832],[-89.042911,17.956858],[-89.042864,17.956929],[-89.042771,17.956894],[-89.04267,17.957174],[-89.042999,17.957265],[-89.043015,17.957216],[-89.043225,17.957274],[-89.043212,17.957322],[-89.043579,17.957424],[-89.0437,17.956972],[-89.043806,17.956999],[-89.043803,17.957018],[-89.044014,17.957053],[-89.04406,17.957077],[-89.044003,17.957283],[-89.043986,17.957301],[-89.043789,17.957256],[-89.043779,17.95729],[-89.043746,17.957282],[-89.043739,17.957309],[-89.043621,17.957284],[-89.043584,17.957434],[-89.042659,17.957179],[-89.042765,17.956866]]]}},{"type":"Feature","properties":{"site":"Nojol Nah","t":"poly"},"geometry":{"type":"Polygon","coordinates":[[[-89.047212,17.956524],[-89.047213,17.956563],[-89.047202,17.956436],[-89.047209,17.956486],[-89.047236,17.956484],[-89.047239,17.956521],[-89.047212,17.956524]]]}},{"type":"Feature","properties":{"site":"Nojol Nah","t":"poly"},"geometry":{"type":"Polygon","coordinates":[[[-89.043874,17.956631],[-89.04406,17.95655],[-89.044121,17.956567],[-89.044407,17.957054],[-89.044313,17.957338],[-89.044405,17.957056],[-89.044384,17.957055],[-89.044288,17.957346],[-89.044383,17.957054],[-89.044109,17.956591],[-89.044056,17.956575],[-89.043884,17.956638],[-89.043853,17.956698],[-89.043874,17.956631]]]}},{"type":"Feature","properties":{"site":"Nojol Nah","t":"poly"},"geometry":{"type":"Polygon","coordinates":[[[-89.04479,17.956144],[-89.044791,17.956209],[-89.044731,17.956209],[-89.044719,17.956101],[-89.044778,17.956101],[-89.044779,17.956143],[-89.04479,17.956144]]]}},{"type":"Feature","properties":{"site":"Nojol Nah","t":"poly"},"geometry":{"type":"Polygon","coordinates":[[[-89.04505,17.956076],[-89.04499,17.956009],[-89.045006,17.956001],[-89.044996,17.95601],[-89.04505,17.95607],[-89.045084,17.956053],[-89.045092,17.956001],[-89.045119,17.956009],[-89.045112,17.955963],[-89.045073,17.955939],[-89.045117,17.955959],[-89.045124,17.956008],[-89.045153,17.956037],[-89.045126,17.956069],[-89.045086,17.956056],[-89.045052,17.956073],[-89.045227,17.956143],[-89.045293,17.956002],[-89.045128,17.955937],[-89.045299,17.956],[-89.045229,17.956148],[-89.04505,17.956076]]]}},{"type":"Feature","properties":{"site":"Nojol Nah","t":"poly"},"geometry":{"type":"Polygon","coordinates":[[[-89.045251,17.956627],[-89.045355,17.956628],[-89.045354,17.956639],[-89.045404,17.956645],[-89.045409,17.956628],[-89.045463,17.956646],[-89.045472,17.956625],[-89.045367,17.956591],[-89.045364,17.956603],[-89.045365,17.956587],[-89.045528,17.956639],[-89.0455,17.956819],[-89.045275,17.95684],[-89.04524,17.956737],[-89.045251,17.956627]]]}},{"type":"Feature","properties":{"site":"Nojol Nah","t":"poly"},"geometry":{"type":"Polygon","coordinates":[[[-89.046432,17.956985],[-89.046431,17.956996],[-89.046582,17.956999],[-89.046579,17.957058],[-89.046552,17.957057],[-89.046548,17.957095],[-89.046467,17.957089],[-89.046443,17.957106],[-89.046402,17.957105],[-89.046393,17.957163],[-89.046398,17.9571],[-89.046441,17.957103],[-89.046444,17.957065],[-89.046468,17.957066],[-89.046467,17.957086],[-89.046497,17.957088],[-89.046498,17.95702],[-89.046377,17.957001],[-89.046382,17.95706],[-89.046342,17.957066],[-89.046337,17.957098],[-89.046331,17.957033],[-89.046372,17.957026],[-89.046374,17.957002],[-89.046333,17.956999],[-89.046334,17.956979],[-89.046432,17.956985]]]}},{"type":"Feature","properties":{"site":"Nojol Nah","t":"poly"},"geometry":{"type":"Polygon","coordinates":[[[-89.04645,17.956782],[-89.046443,17.956819],[-89.046284,17.956797],[-89.046292,17.956782],[-89.046291,17.956793],[-89.046354,17.956802],[-89.046359,17.956769],[-89.04645,17.956782]]]}},{"type":"Feature","properties":{"site":"Nojol Nah","t":"poly"},"geometry":{"type":"Polygon","coordinates":[[[-89.046513,17.956678],[-89.046507,17.956638],[-89.046529,17.956635],[-89.046525,17.95661],[-89.046605,17.9566],[-89.046597,17.95654],[-89.046625,17.956536],[-89.046642,17.956664],[-89.046513,17.956678]]]}},{"type":"Feature","properties":{"site":"Nojol Nah","t":"poly"},"geometry":{"type":"Polygon","coordinates":[[[-89.047172,17.956756],[-89.047207,17.95674],[-89.047229,17.956777],[-89.047243,17.956743],[-89.047286,17.956759],[-89.047279,17.956842],[-89.047345,17.956845],[-89.047344,17.956867],[-89.047229,17.956872],[-89.047228,17.956782],[-89.047212,17.956759],[-89.047184,17.956772],[-89.047188,17.956786],[-89.047172,17.956756]]]}},{"type":"Feature","properties":{"site":"Nojol Nah","t":"poly"},"geometry":{"type":"Polygon","coordinates":[[[-89.04789,17.956265],[-89.047896,17.956175],[-89.04777,17.956158],[-89.047758,17.956248],[-89.047722,17.956244],[-89.047711,17.956318],[-89.047786,17.956326],[-89.047789,17.956314],[-89.047792,17.956334],[-89.047484,17.956301],[-89.047494,17.956206],[-89.047507,17.956206],[-89.047512,17.956177],[-89.047454,17.956169],[-89.047469,17.956043],[-89.047533,17.95605],[-89.047555,17.9559],[-89.047649,17.95591],[-89.047662,17.95581],[-89.047702,17.955816],[-89.047688,17.955917],[-89.047714,17.955921],[-89.047696,17.956009],[-89.047751,17.956018],[-89.047747,17.956043],[-89.04777,17.956047],[-89.047764,17.956082],[-89.047849,17.956081],[-89.047864,17.95599],[-89.047973,17.956002],[-89.047981,17.955952],[-89.048017,17.955956],[-89.048025,17.95591],[-89.048046,17.95592],[-89.04803,17.955919],[-89.04801,17.956042],[-89.047976,17.956038],[-89.047972,17.95607],[-89.04786,17.956057],[-89.047849,17.956107],[-89.047763,17.956085],[-89.047753,17.956149],[-89.04774,17.956151],[-89.047841,17.956162],[-89.047845,17.956142],[-89.047921,17.956156],[-89.048003,17.956128],[-89.048012,17.956055],[-89.048048,17.956059],[-89.048037,17.956131],[-89.047922,17.956158],[-89.047917,17.956203],[-89.047929,17.956205],[-89.047907,17.956295],[-89.047766,17.956286],[-89.047774,17.956266],[-89.047774,17.956278],[-89.047804,17.956281],[-89.047808,17.956256],[-89.04789,17.956265]]]}},{"type":"Feature","properties":{"site":"Nojol Nah","t":"poly"},"geometry":{"type":"Polygon","coordinates":[[[-89.047628,17.955742],[-89.047497,17.955733],[-89.047492,17.955791],[-89.047497,17.955676],[-89.04764,17.955683],[-89.047631,17.955797],[-89.047556,17.955793],[-89.047561,17.955781],[-89.047624,17.955792],[-89.047628,17.955742]]]}},{"type":"Feature","properties":{"site":"Nojol Nah","t":"poly"},"geometry":{"type":"Polygon","coordinates":[[[-89.048096,17.956892],[-89.048023,17.956913],[-89.047978,17.956985],[-89.047958,17.956987],[-89.047892,17.956968],[-89.047913,17.956903],[-89.047927,17.95691],[-89.047898,17.956965],[-89.047956,17.956981],[-89.04798,17.956923],[-89.048019,17.956911],[-89.04802,17.956873],[-89.047997,17.956867],[-89.048006,17.956842],[-89.048032,17.95685],[-89.048022,17.956908],[-89.048093,17.956888],[-89.048096,17.956857],[-89.048109,17.956857],[-89.048096,17.956892]]]}},{"type":"Feature","properties":{"site":"Nojol Nah","t":"poly"},"geometry":{"type":"Polygon","coordinates":[[[-89.048048,17.95671],[-89.048084,17.956713],[-89.048076,17.956753],[-89.048041,17.956751],[-89.048048,17.95671]]]}},{"type":"Feature","properties":{"site":"Nojol Nah","t":"poly"},"geometry":{"type":"Polygon","coordinates":[[[-89.048302,17.956905],[-89.04831,17.956825],[-89.04833,17.956825],[-89.048339,17.956746],[-89.048298,17.956701],[-89.048159,17.956692],[-89.048176,17.956704],[-89.048154,17.956728],[-89.048112,17.956701],[-89.048136,17.956677],[-89.048188,17.956689],[-89.048191,17.956661],[-89.048313,17.956668],[-89.04831,17.956696],[-89.04835,17.9567],[-89.048341,17.956776],[-89.048368,17.956779],[-89.048362,17.956822],[-89.048335,17.956821],[-89.048354,17.95683],[-89.048349,17.956875],[-89.04831,17.956873],[-89.048316,17.956901],[-89.048302,17.956905]]]}},{"type":"Feature","properties":{"site":"Nojol Nah","t":"poly"},"geometry":{"type":"Polygon","coordinates":[[[-89.048587,17.95691],[-89.048655,17.956958],[-89.04872,17.956966],[-89.048748,17.957003],[-89.048648,17.956992],[-89.04865,17.95696],[-89.048569,17.956902],[-89.048526,17.956896],[-89.048532,17.956851],[-89.048582,17.956857],[-89.048587,17.95691]]]}},{"type":"Feature","properties":{"site":"Nojol Nah","t":"poly"},"geometry":{"type":"Polygon","coordinates":[[[-89.048673,17.956791],[-89.048723,17.956797],[-89.048756,17.956548],[-89.048639,17.956527],[-89.048643,17.956504],[-89.048612,17.956498],[-89.048667,17.956506],[-89.048663,17.956528],[-89.04876,17.956545],[-89.048727,17.956802],[-89.048482,17.956767],[-89.048494,17.956643],[-89.04845,17.956637],[-89.04846,17.956565],[-89.048702,17.956614],[-89.048673,17.956791]]]}},{"type":"Feature","properties":{"site":"Nojol Nah","t":"poly"},"geometry":{"type":"Polygon","coordinates":[[[-89.048584,17.956411],[-89.048582,17.956368],[-89.048713,17.956368],[-89.048713,17.956412],[-89.048584,17.956411]]]}},{"type":"Feature","properties":{"site":"Nojol Nah","t":"poly"},"geometry":{"type":"Polygon","coordinates":[[[-89.044152,17.955202],[-89.043776,17.955141],[-89.043822,17.954949],[-89.043797,17.954946],[-89.0438,17.954908],[-89.043779,17.954891],[-89.043787,17.954813],[-89.043814,17.954804],[-89.043824,17.954733],[-89.043897,17.954744],[-89.043901,17.954719],[-89.043914,17.95472],[-89.043955,17.954508],[-89.044852,17.95466],[-89.04471,17.955278],[-89.044367,17.955242],[-89.044341,17.955263],[-89.044171,17.955235],[-89.044152,17.955202]]]}},{"type":"Feature","properties":{"site":"Nojol Nah","t":"poly"},"geometry":{"type":"Polygon","coordinates":[[[-89.045715,17.957583],[-89.045792,17.957404],[-89.045778,17.957397],[-89.045799,17.957401],[-89.045715,17.957583]]]}},{"type":"Feature","properties":{"site":"Nojol Nah","t":"poly"},"geometry":{"type":"Polygon","coordinates":[[[-89.045868,17.957571],[-89.045932,17.957447],[-89.045923,17.957441],[-89.045938,17.957443],[-89.045868,17.957571]]]}},{"type":"Feature","properties":{"site":"Nojol Nah","t":"poly"},"geometry":{"type":"Polygon","coordinates":[[[-89.044772,17.955893],[-89.044787,17.955902],[-89.044771,17.955925],[-89.044722,17.955901],[-89.044758,17.955915],[-89.044772,17.955893]]]}},{"type":"Feature","properties":{"site":"Nojol Nah","t":"poly"},"geometry":{"type":"Polygon","coordinates":[[[-89.043514,17.955118],[-89.04359,17.95513],[-89.043484,17.955137],[-89.043616,17.954453],[-89.043715,17.954479],[-89.043637,17.954471],[-89.043514,17.955118]]]}},{"type":"Feature","properties":{"site":"Nojol Nah","t":"poly"},"geometry":{"type":"Polygon","coordinates":[[[-89.045226,17.957321],[-89.045247,17.957123],[-89.045226,17.957322],[-89.045226,17.957321]]]}},{"type":"Feature","properties":{"site":"Nojol Nah","t":"poly"},"geometry":{"type":"Polygon","coordinates":[[[-89.04525,17.957126],[-89.045228,17.957319],[-89.045249,17.957125],[-89.04525,17.957126]]]}},{"type":"Feature","properties":{"site":"Nojol Nah","t":"poly"},"geometry":{"type":"Polygon","coordinates":[[[-89.044242,17.957652],[-89.044184,17.957973],[-89.044241,17.957651],[-89.044242,17.957652]]]}},{"type":"Feature","properties":{"site":"Nojol Nah","t":"poly"},"geometry":{"type":"Polygon","coordinates":[[[-89.044173,17.95798],[-89.044232,17.957647],[-89.044174,17.957981],[-89.044173,17.95798]]]}},{"type":"Feature","properties":{"site":"Blue Creek Central Precinct","t":"line"},"geometry":{"type":"LineString","coordinates":[[-88.898263,17.858627],[-88.898281,17.859187]]}},{"type":"Feature","properties":{"site":"Blue Creek Central Precinct","t":"line"},"geometry":{"type":"LineString","coordinates":[[-88.898281,17.859187],[-88.898202,17.859153]]}},{"type":"Feature","properties":{"site":"Blue Creek Central Precinct","t":"line"},"geometry":{"type":"LineString","coordinates":[[-88.898202,17.859153],[-88.898063,17.859155]]}},{"type":"Feature","properties":{"site":"Blue Creek Central Precinct","t":"line"},"geometry":{"type":"LineString","coordinates":[[-88.898063,17.859155],[-88.898059,17.858692]]}},{"type":"Feature","properties":{"site":"Blue Creek Central Precinct","t":"line"},"geometry":{"type":"LineString","coordinates":[[-88.898059,17.858692],[-88.897979,17.858629]]}},{"type":"Feature","properties":{"site":"Blue Creek Central Precinct","t":"line"},"geometry":{"type":"LineString","coordinates":[[-88.897979,17.858629],[-88.898263,17.858627]]}},{"type":"Feature","properties":{"site":"Blue Creek Central Precinct","t":"line"},"geometry":{"type":"LineString","coordinates":[[-88.898263,17.858627],[-88.898162,17.858737]]}},{"type":"Feature","properties":{"site":"Blue Creek Central Precinct","t":"line"},"geometry":{"type":"LineString","coordinates":[[-88.898162,17.858737],[-88.898132,17.858738]]}},{"type":"Feature","properties":{"site":"Blue Creek Central Precinct","t":"line"},"geometry":{"type":"LineString","coordinates":[[-88.898132,17.858738],[-88.897979,17.858629]]}},{"type":"Feature","properties":{"site":"Blue Creek Central Precinct","t":"line"},"geometry":{"type":"LineString","coordinates":[[-88.898132,17.858738],[-88.898132,17.858824]]}},{"type":"Feature","properties":{"site":"Blue Creek Central Precinct","t":"line"},"geometry":{"type":"LineString","coordinates":[[-88.898132,17.858824],[-88.898133,17.858853]]}},{"type":"Feature","properties":{"site":"Blue Creek Central Precinct","t":"line"},"geometry":{"type":"LineString","coordinates":[[-88.898133,17.858853],[-88.898133,17.858888]]}},{"type":"Feature","properties":{"site":"Blue Creek Central Precinct","t":"line"},"geometry":{"type":"LineString","coordinates":[[-88.898133,17.858888],[-88.898133,17.858917]]}},{"type":"Feature","properties":{"site":"Blue Creek Central Precinct","t":"line"},"geometry":{"type":"LineString","coordinates":[[-88.898133,17.858917],[-88.898135,17.859096]]}},{"type":"Feature","properties":{"site":"Blue Creek Central Precinct","t":"line"},"geometry":{"type":"LineString","coordinates":[[-88.898135,17.859096],[-88.898166,17.859096]]}},{"type":"Feature","properties":{"site":"Blue Creek Central Precinct","t":"line"},"geometry":{"type":"LineString","coordinates":[[-88.898166,17.859096],[-88.898165,17.859027]]}},{"type":"Feature","properties":{"site":"Blue Creek Central Precinct","t":"line"},"geometry":{"type":"LineString","coordinates":[[-88.898165,17.859027],[-88.898164,17.858986]]}},{"type":"Feature","properties":{"site":"Blue Creek Central Precinct","t":"line"},"geometry":{"type":"LineString","coordinates":[[-88.898164,17.858986],[-88.898164,17.858969]]}},{"type":"Feature","properties":{"site":"Blue Creek Central Precinct","t":"line"},"geometry":{"type":"LineString","coordinates":[[-88.898164,17.858969],[-88.898164,17.858946]]}},{"type":"Feature","properties":{"site":"Blue Creek Central Precinct","t":"line"},"geometry":{"type":"LineString","coordinates":[[-88.898164,17.858946],[-88.898164,17.858917]]}},{"type":"Feature","properties":{"site":"Blue Creek Central Precinct","t":"line"},"geometry":{"type":"LineString","coordinates":[[-88.898164,17.858917],[-88.898163,17.858888]]}},{"type":"Feature","properties":{"site":"Blue Creek Central Precinct","t":"line"},"geometry":{"type":"LineString","coordinates":[[-88.898163,17.858888],[-88.898163,17.858853]]}},{"type":"Feature","properties":{"site":"Blue Creek Central Precinct","t":"line"},"geometry":{"type":"LineString","coordinates":[[-88.898163,17.858853],[-88.898163,17.858824]]}},{"type":"Feature","properties":{"site":"Blue Creek Central Precinct","t":"line"},"geometry":{"type":"LineString","coordinates":[[-88.898163,17.858824],[-88.898162,17.858737]]}},{"type":"Feature","properties":{"site":"Blue Creek Central Precinct","t":"line"},"geometry":{"type":"LineString","coordinates":[[-88.898135,17.859096],[-88.898063,17.859155]]}},{"type":"Feature","properties":{"site":"Blue Creek Central Precinct","t":"line"},"geometry":{"type":"LineString","coordinates":[[-88.898166,17.859096],[-88.898281,17.859187]]}},{"type":"Feature","properties":{"site":"Blue Creek Central Precinct","t":"line"},"geometry":{"type":"LineString","coordinates":[[-88.898163,17.858824],[-88.898151,17.85883]]}},{"type":"Feature","properties":{"site":"Blue Creek Central Precinct","t":"line"},"geometry":{"type":"LineString","coordinates":[[-88.898151,17.85883],[-88.898132,17.858824]]}},{"type":"Feature","properties":{"site":"Blue Creek Central Precinct","t":"line"},"geometry":{"type":"LineString","coordinates":[[-88.898132,17.858824],[-88.898163,17.858824]]}},{"type":"Feature","properties":{"site":"Blue Creek Central Precinct","t":"line"},"geometry":{"type":"LineString","coordinates":[[-88.898151,17.85883],[-88.898151,17.858842]]}},{"type":"Feature","properties":{"site":"Blue Creek Central Precinct","t":"line"},"geometry":{"type":"LineString","coordinates":[[-88.898151,17.858842],[-88.898133,17.858853]]}},{"type":"Feature","properties":{"site":"Blue Creek Central Precinct","t":"line"},"geometry":{"type":"LineString","coordinates":[[-88.898133,17.858853],[-88.898163,17.858853]]}},{"type":"Feature","properties":{"site":"Blue Creek Central Precinct","t":"line"},"geometry":{"type":"LineString","coordinates":[[-88.898163,17.858853],[-88.898151,17.858842]]}},{"type":"Feature","properties":{"site":"Blue Creek Central Precinct","t":"line"},"geometry":{"type":"LineString","coordinates":[[-88.898163,17.858888],[-88.898133,17.858888]]}},{"type":"Feature","properties":{"site":"Blue Creek Central Precinct","t":"line"},"geometry":{"type":"LineString","coordinates":[[-88.898133,17.858888],[-88.898151,17.858894]]}},{"type":"Feature","properties":{"site":"Blue Creek Central Precinct","t":"line"},"geometry":{"type":"LineString","coordinates":[[-88.898151,17.858894],[-88.898163,17.858888]]}},{"type":"Feature","properties":{"site":"Blue Creek Central Precinct","t":"line"},"geometry":{"type":"LineString","coordinates":[[-88.898151,17.858894],[-88.898151,17.858905]]}},{"type":"Feature","properties":{"site":"Blue Creek Central Precinct","t":"line"},"geometry":{"type":"LineString","coordinates":[[-88.898151,17.858905],[-88.898133,17.858917]]}},{"type":"Feature","properties":{"site":"Blue Creek Central Precinct","t":"line"},"geometry":{"type":"LineString","coordinates":[[-88.898133,17.858917],[-88.898164,17.858917]]}},{"type":"Feature","properties":{"site":"Blue Creek Central Precinct","t":"line"},"geometry":{"type":"LineString","coordinates":[[-88.898164,17.858917],[-88.898151,17.858905]]}},{"type":"Feature","properties":{"site":"Blue Creek Central Precinct","t":"line"},"geometry":{"type":"LineString","coordinates":[[-88.898164,17.858946],[-88.898152,17.858952]]}},{"type":"Feature","properties":{"site":"Blue Creek Central Precinct","t":"line"},"geometry":{"type":"LineString","coordinates":[[-88.898152,17.858952],[-88.898134,17.858946]]}},{"type":"Feature","properties":{"site":"Blue Creek Central Precinct","t":"line"},"geometry":{"type":"LineString","coordinates":[[-88.898134,17.858946],[-88.898164,17.858946]]}},{"type":"Feature","properties":{"site":"Blue Creek Central Precinct","t":"line"},"geometry":{"type":"LineString","coordinates":[[-88.898152,17.858952],[-88.898152,17.858963]]}},{"type":"Feature","properties":{"site":"Blue Creek Central Precinct","t":"line"},"geometry":{"type":"LineString","coordinates":[[-88.898152,17.858963],[-88.898134,17.858969]]}},{"type":"Feature","properties":{"site":"Blue Creek Central Precinct","t":"line"},"geometry":{"type":"LineString","coordinates":[[-88.898134,17.858969],[-88.898164,17.858969]]}},{"type":"Feature","properties":{"site":"Blue Creek Central Precinct","t":"line"},"geometry":{"type":"LineString","coordinates":[[-88.898164,17.858969],[-88.898152,17.858963]]}},{"type":"Feature","properties":{"site":"Blue Creek Central Precinct","t":"line"},"geometry":{"type":"LineString","coordinates":[[-88.898164,17.858986],[-88.898134,17.858986]]}},{"type":"Feature","properties":{"site":"Blue Creek Central Precinct","t":"line"},"geometry":{"type":"LineString","coordinates":[[-88.898134,17.858986],[-88.898152,17.858992]]}},{"type":"Feature","properties":{"site":"Blue Creek Central Precinct","t":"line"},"geometry":{"type":"LineString","coordinates":[[-88.898152,17.858992],[-88.898164,17.858986]]}},{"type":"Feature","properties":{"site":"Blue Creek Central Precinct","t":"line"},"geometry":{"type":"LineString","coordinates":[[-88.898152,17.858992],[-88.898153,17.859015]]}},{"type":"Feature","properties":{"site":"Blue Creek Central Precinct","t":"line"},"geometry":{"type":"LineString","coordinates":[[-88.898153,17.859015],[-88.898135,17.859027]]}},{"type":"Feature","properties":{"site":"Blue Creek Central Precinct","t":"line"},"geometry":{"type":"LineString","coordinates":[[-88.898135,17.859027],[-88.898165,17.859027]]}},{"type":"Feature","properties":{"site":"Blue Creek Central Precinct","t":"line"},"geometry":{"type":"LineString","coordinates":[[-88.898165,17.859027],[-88.898153,17.859015]]}},{"type":"Feature","properties":{"site":"Blue Creek Central Precinct","t":"line"},"geometry":{"type":"LineString","coordinates":[[-88.897689,17.858615],[-88.897719,17.85858]]}},{"type":"Feature","properties":{"site":"Blue Creek Central Precinct","t":"line"},"geometry":{"type":"LineString","coordinates":[[-88.897719,17.85858],[-88.897447,17.858554]]}},{"type":"Feature","properties":{"site":"Blue Creek Central Precinct","t":"line"},"geometry":{"type":"LineString","coordinates":[[-88.897447,17.858554],[-88.897478,17.85864]]}},{"type":"Feature","properties":{"site":"Blue Creek Central Precinct","t":"line"},"geometry":{"type":"LineString","coordinates":[[-88.897478,17.85864],[-88.897473,17.858675]]}},{"type":"Feature","properties":{"site":"Blue Creek Central Precinct","t":"line"},"geometry":{"type":"LineString","coordinates":[[-88.897473,17.858675],[-88.897678,17.858696]]}},{"type":"Feature","properties":{"site":"Blue Creek Central Precinct","t":"line"},"geometry":{"type":"LineString","coordinates":[[-88.897678,17.858696],[-88.897689,17.858615]]}},{"type":"Feature","properties":{"site":"Blue Creek Central Precinct","t":"line"},"geometry":{"type":"LineString","coordinates":[[-88.897719,17.85858],[-88.897659,17.858621]]}},{"type":"Feature","properties":{"site":"Blue Creek Central Precinct","t":"line"},"geometry":{"type":"LineString","coordinates":[[-88.897659,17.858621],[-88.89766,17.85865]]}},{"type":"Feature","properties":{"site":"Blue Creek Central Precinct","t":"line"},"geometry":{"type":"LineString","coordinates":[[-88.89766,17.85865],[-88.897678,17.858696]]}},{"type":"Feature","properties":{"site":"Blue Creek Central Precinct","t":"line"},"geometry":{"type":"LineString","coordinates":[[-88.89766,17.85865],[-88.897503,17.85864]]}},{"type":"Feature","properties":{"site":"Blue Creek Central Precinct","t":"line"},"geometry":{"type":"LineString","coordinates":[[-88.897503,17.85864],[-88.897502,17.858611]]}},{"type":"Feature","properties":{"site":"Blue Creek Central Precinct","t":"line"},"geometry":{"type":"LineString","coordinates":[[-88.897502,17.858611],[-88.897659,17.858621]]}},{"type":"Feature","properties":{"site":"Blue Creek Central Precinct","t":"line"},"geometry":{"type":"LineString","coordinates":[[-88.897503,17.85864],[-88.897473,17.858675]]}},{"type":"Feature","properties":{"site":"Blue Creek Central Precinct","t":"line"},"geometry":{"type":"LineString","coordinates":[[-88.897502,17.858611],[-88.897447,17.858554]]}},{"type":"Feature","properties":{"site":"Blue Creek Central Precinct","t":"line"},"geometry":{"type":"LineString","coordinates":[[-88.898059,17.858692],[-88.897689,17.858615]]}},{"type":"Feature","properties":{"site":"Blue Creek Central Precinct","t":"line"},"geometry":{"type":"LineString","coordinates":[[-88.897478,17.85864],[-88.897215,17.858851]]}},{"type":"Feature","properties":{"site":"Blue Creek Central Precinct","t":"line"},"geometry":{"type":"LineString","coordinates":[[-88.897215,17.858851],[-88.897106,17.858794]]}},{"type":"Feature","properties":{"site":"Blue Creek Central Precinct","t":"line"},"geometry":{"type":"LineString","coordinates":[[-88.897106,17.858794],[-88.897084,17.859002]]}},{"type":"Feature","properties":{"site":"Blue Creek Central Precinct","t":"line"},"geometry":{"type":"LineString","coordinates":[[-88.897084,17.859002],[-88.897144,17.85899]]}},{"type":"Feature","properties":{"site":"Blue Creek Central Precinct","t":"line"},"geometry":{"type":"LineString","coordinates":[[-88.897144,17.85899],[-88.897241,17.859001]]}},{"type":"Feature","properties":{"site":"Blue Creek Central Precinct","t":"line"},"geometry":{"type":"LineString","coordinates":[[-88.897241,17.859001],[-88.897251,17.858862]]}},{"type":"Feature","properties":{"site":"Blue Creek Central Precinct","t":"line"},"geometry":{"type":"LineString","coordinates":[[-88.897251,17.858862],[-88.897215,17.858851]]}},{"type":"Feature","properties":{"site":"Blue Creek Central Precinct","t":"line"},"geometry":{"type":"LineString","coordinates":[[-88.897251,17.858862],[-88.897185,17.858909]]}},{"type":"Feature","properties":{"site":"Blue Creek Central Precinct","t":"line"},"geometry":{"type":"LineString","coordinates":[[-88.897185,17.858909],[-88.897106,17.858794]]}},{"type":"Feature","properties":{"site":"Blue Creek Central Precinct","t":"line"},"geometry":{"type":"LineString","coordinates":[[-88.897185,17.858909],[-88.89718,17.858955]]}},{"type":"Feature","properties":{"site":"Blue Creek Central Precinct","t":"line"},"geometry":{"type":"LineString","coordinates":[[-88.89718,17.858955],[-88.897084,17.859002]]}},{"type":"Feature","properties":{"site":"Blue Creek Central Precinct","t":"line"},"geometry":{"type":"LineString","coordinates":[[-88.89718,17.858955],[-88.897241,17.859001]]}},{"type":"Feature","properties":{"site":"Blue Creek Central Precinct","t":"line"},"geometry":{"type":"LineString","coordinates":[[-88.897144,17.85899],[-88.897121,17.85906]]}},{"type":"Feature","properties":{"site":"Blue Creek Central Precinct","t":"line"},"geometry":{"type":"LineString","coordinates":[[-88.897121,17.85906],[-88.897042,17.859032]]}},{"type":"Feature","properties":{"site":"Blue Creek Central Precinct","t":"line"},"geometry":{"type":"LineString","coordinates":[[-88.897042,17.859032],[-88.897081,17.85932]]}},{"type":"Feature","properties":{"site":"Blue Creek Central Precinct","t":"line"},"geometry":{"type":"LineString","coordinates":[[-88.897081,17.85932],[-88.897256,17.859267]]}},{"type":"Feature","properties":{"site":"Blue Creek Central Precinct","t":"line"},"geometry":{"type":"LineString","coordinates":[[-88.897256,17.859267],[-88.897235,17.859053]]}},{"type":"Feature","properties":{"site":"Blue Creek Central Precinct","t":"line"},"geometry":{"type":"LineString","coordinates":[[-88.897235,17.859053],[-88.897121,17.85906]]}},{"type":"Feature","properties":{"site":"Blue Creek Central Precinct","t":"line"},"geometry":{"type":"LineString","coordinates":[[-88.897235,17.859053],[-88.897176,17.859134]]}},{"type":"Feature","properties":{"site":"Blue Creek Central Precinct","t":"line"},"geometry":{"type":"LineString","coordinates":[[-88.897176,17.859134],[-88.897042,17.859032]]}},{"type":"Feature","properties":{"site":"Blue Creek Central Precinct","t":"line"},"geometry":{"type":"LineString","coordinates":[[-88.897176,17.859134],[-88.897177,17.859215]]}},{"type":"Feature","properties":{"site":"Blue Creek Central Precinct","t":"line"},"geometry":{"type":"LineString","coordinates":[[-88.897177,17.859215],[-88.897081,17.85932]]}},{"type":"Feature","properties":{"site":"Blue Creek Central Precinct","t":"line"},"geometry":{"type":"LineString","coordinates":[[-88.897177,17.859215],[-88.897256,17.859267]]}},{"type":"Feature","properties":{"site":"Blue Creek Central Precinct","t":"line"},"geometry":{"type":"LineString","coordinates":[[-88.898202,17.859153],[-88.898168,17.859333]]}},{"type":"Feature","properties":{"site":"Blue Creek Central Precinct","t":"line"},"geometry":{"type":"LineString","coordinates":[[-88.898216,17.859298],[-88.898168,17.859333]]}},{"type":"Feature","properties":{"site":"Blue Creek Central Precinct","t":"line"},"geometry":{"type":"LineString","coordinates":[[-88.898168,17.859333],[-88.898083,17.859311]]}},{"type":"Feature","properties":{"site":"Blue Creek Central Precinct","t":"line"},"geometry":{"type":"LineString","coordinates":[[-88.898083,17.859311],[-88.898066,17.859357]]}},{"type":"Feature","properties":{"site":"Blue Creek Central Precinct","t":"line"},"geometry":{"type":"LineString","coordinates":[[-88.898066,17.859357],[-88.898114,17.859368]]}},{"type":"Feature","properties":{"site":"Blue Creek Central Precinct","t":"line"},"geometry":{"type":"LineString","coordinates":[[-88.898114,17.859368],[-88.89812,17.859339]]}},{"type":"Feature","properties":{"site":"Blue Creek Central Precinct","t":"line"},"geometry":{"type":"LineString","coordinates":[[-88.89812,17.859339],[-88.898083,17.859311]]}},{"type":"Feature","properties":{"site":"Blue Creek Central Precinct","t":"line"},"geometry":{"type":"LineString","coordinates":[[-88.898114,17.859368],[-88.89815,17.859374]]}},{"type":"Feature","properties":{"site":"Blue Creek Central Precinct","t":"line"},"geometry":{"type":"LineString","coordinates":[[-88.898216,17.859298],[-88.898165,17.859611]]}},{"type":"Feature","properties":{"site":"Blue Creek Central Precinct","t":"line"},"geometry":{"type":"LineString","coordinates":[[-88.898165,17.859611],[-88.898153,17.859657]]}},{"type":"Feature","properties":{"site":"Blue Creek Central Precinct","t":"line"},"geometry":{"type":"LineString","coordinates":[[-88.898114,17.859368],[-88.898086,17.85953]]}},{"type":"Feature","properties":{"site":"Blue Creek Central Precinct","t":"line"},"geometry":{"type":"LineString","coordinates":[[-88.898165,17.859611],[-88.898086,17.85953]]}},{"type":"Feature","properties":{"site":"Blue Creek Central Precinct","t":"line"},"geometry":{"type":"LineString","coordinates":[[-88.898086,17.85953],[-88.898038,17.85956]]}},{"type":"Feature","properties":{"site":"Blue Creek Central Precinct","t":"line"},"geometry":{"type":"LineString","coordinates":[[-88.898038,17.85956],[-88.898066,17.859357]]}},{"type":"Feature","properties":{"site":"Blue Creek Central Precinct","t":"line"},"geometry":{"type":"LineString","coordinates":[[-88.898038,17.85956],[-88.898122,17.859565]]}},{"type":"Feature","properties":{"site":"Blue Creek Central Precinct","t":"line"},"geometry":{"type":"LineString","coordinates":[[-88.898122,17.859565],[-88.898117,17.859605]]}},{"type":"Feature","properties":{"site":"Blue Creek Central Precinct","t":"line"},"geometry":{"type":"LineString","coordinates":[[-88.898117,17.859605],[-88.898153,17.859657]]}},{"type":"Feature","properties":{"site":"Blue Creek Central Precinct","t":"line"},"geometry":{"type":"LineString","coordinates":[[-88.898153,17.859657],[-88.89802,17.859635]]}},{"type":"Feature","properties":{"site":"Blue Creek Central Precinct","t":"line"},"geometry":{"type":"LineString","coordinates":[[-88.89802,17.859635],[-88.89799,17.859583]]}},{"type":"Feature","properties":{"site":"Blue Creek Central Precinct","t":"line"},"geometry":{"type":"LineString","coordinates":[[-88.89799,17.859583],[-88.898117,17.859605]]}},{"type":"Feature","properties":{"site":"Blue Creek Central Precinct","t":"line"},"geometry":{"type":"LineString","coordinates":[[-88.89799,17.859583],[-88.897983,17.85952]]}},{"type":"Feature","properties":{"site":"Blue Creek Central Precinct","t":"line"},"geometry":{"type":"LineString","coordinates":[[-88.897983,17.85952],[-88.897422,17.859577]]}},{"type":"Feature","properties":{"site":"Blue Creek Central Precinct","t":"line"},"geometry":{"type":"LineString","coordinates":[[-88.897422,17.859577],[-88.897481,17.860051]]}},{"type":"Feature","properties":{"site":"Blue Creek Central Precinct","t":"line"},"geometry":{"type":"LineString","coordinates":[[-88.897481,17.860051],[-88.897994,17.860011]]}},{"type":"Feature","properties":{"site":"Blue Creek Central Precinct","t":"line"},"geometry":{"type":"LineString","coordinates":[[-88.897994,17.860011],[-88.898067,17.860051]]}},{"type":"Feature","properties":{"site":"Blue Creek Central Precinct","t":"line"},"geometry":{"type":"LineString","coordinates":[[-88.898067,17.860051],[-88.89802,17.859635]]}},{"type":"Feature","properties":{"site":"Blue Creek Central Precinct","t":"line"},"geometry":{"type":"LineString","coordinates":[[-88.897983,17.85952],[-88.897947,17.859572]]}},{"type":"Feature","properties":{"site":"Blue Creek Central Precinct","t":"line"},"geometry":{"type":"LineString","coordinates":[[-88.897947,17.859572],[-88.897975,17.85993]]}},{"type":"Feature","properties":{"site":"Blue Creek Central Precinct","t":"line"},"geometry":{"type":"LineString","coordinates":[[-88.897975,17.85993],[-88.897988,17.859988]]}},{"type":"Feature","properties":{"site":"Blue Creek Central Precinct","t":"line"},"geometry":{"type":"LineString","coordinates":[[-88.897988,17.859988],[-88.897499,17.860028]]}},{"type":"Feature","properties":{"site":"Blue Creek Central Precinct","t":"line"},"geometry":{"type":"LineString","coordinates":[[-88.897499,17.860028],[-88.897479,17.859854]]}},{"type":"Feature","properties":{"site":"Blue Creek Central Precinct","t":"line"},"geometry":{"type":"LineString","coordinates":[[-88.897479,17.859854],[-88.897459,17.859698]]}},{"type":"Feature","properties":{"site":"Blue Creek Central Precinct","t":"line"},"geometry":{"type":"LineString","coordinates":[[-88.897459,17.859698],[-88.897458,17.8596]]}},{"type":"Feature","properties":{"site":"Blue Creek Central Precinct","t":"line"},"geometry":{"type":"LineString","coordinates":[[-88.897458,17.8596],[-88.897694,17.85958]]}},{"type":"Feature","properties":{"site":"Blue Creek Central Precinct","t":"line"},"geometry":{"type":"LineString","coordinates":[[-88.897694,17.85958],[-88.897718,17.859586]]}},{"type":"Feature","properties":{"site":"Blue Creek Central Precinct","t":"line"},"geometry":{"type":"LineString","coordinates":[[-88.897718,17.859586],[-88.897947,17.859572]]}},{"type":"Feature","properties":{"site":"Blue Creek Central Precinct","t":"line"},"geometry":{"type":"LineString","coordinates":[[-88.897718,17.859586],[-88.897689,17.859696]]}},{"type":"Feature","properties":{"site":"Blue Creek Central Precinct","t":"line"},"geometry":{"type":"LineString","coordinates":[[-88.897689,17.859696],[-88.897665,17.859679]]}},{"type":"Feature","properties":{"site":"Blue Creek Central Precinct","t":"line"},"geometry":{"type":"LineString","coordinates":[[-88.897665,17.859679],[-88.897694,17.85958]]}},{"type":"Feature","properties":{"site":"Blue Creek Central Precinct","t":"line"},"geometry":{"type":"LineString","coordinates":[[-88.897689,17.859696],[-88.897721,17.859852]]}},{"type":"Feature","properties":{"site":"Blue Creek Central Precinct","t":"line"},"geometry":{"type":"LineString","coordinates":[[-88.897721,17.859852],[-88.897612,17.85987]]}},{"type":"Feature","properties":{"site":"Blue Creek Central Precinct","t":"line"},"geometry":{"type":"LineString","coordinates":[[-88.897612,17.85987],[-88.897592,17.859697]]}},{"type":"Feature","properties":{"site":"Blue Creek Central Precinct","t":"line"},"geometry":{"type":"LineString","coordinates":[[-88.897592,17.859697],[-88.897665,17.859679]]}},{"type":"Feature","properties":{"site":"Blue Creek Central Precinct","t":"line"},"geometry":{"type":"LineString","coordinates":[[-88.897665,17.859679],[-88.897647,17.859708]]}},{"type":"Feature","properties":{"site":"Blue Creek Central Precinct","t":"line"},"geometry":{"type":"LineString","coordinates":[[-88.897647,17.859708],[-88.897592,17.859697]]}},{"type":"Feature","properties":{"site":"Blue Creek Central Precinct","t":"line"},"geometry":{"type":"LineString","coordinates":[[-88.897647,17.859708],[-88.89766,17.859835]]}},{"type":"Feature","properties":{"site":"Blue Creek Central Precinct","t":"line"},"geometry":{"type":"LineString","coordinates":[[-88.89766,17.859835],[-88.897612,17.85987]]}},{"type":"Feature","properties":{"site":"Blue Creek Central Precinct","t":"line"},"geometry":{"type":"LineString","coordinates":[[-88.89766,17.859835],[-88.897721,17.859852]]}},{"type":"Feature","properties":{"site":"Blue Creek Central Precinct","t":"line"},"geometry":{"type":"LineString","coordinates":[[-88.897465,17.859698],[-88.897544,17.859698]]}},{"type":"Feature","properties":{"site":"Blue Creek Central Precinct","t":"line"},"geometry":{"type":"LineString","coordinates":[[-88.897544,17.859698],[-88.897545,17.859842]]}},{"type":"Feature","properties":{"site":"Blue Creek Central Precinct","t":"line"},"geometry":{"type":"LineString","coordinates":[[-88.897545,17.859842],[-88.897479,17.859854]]}},{"type":"Feature","properties":{"site":"Blue Creek Central Precinct","t":"line"},"geometry":{"type":"LineString","coordinates":[[-88.897479,17.859854],[-88.897515,17.859831]]}},{"type":"Feature","properties":{"site":"Blue Creek Central Precinct","t":"line"},"geometry":{"type":"LineString","coordinates":[[-88.897515,17.859831],[-88.897496,17.859715]]}},{"type":"Feature","properties":{"site":"Blue Creek Central Precinct","t":"line"},"geometry":{"type":"LineString","coordinates":[[-88.897496,17.859715],[-88.897459,17.859698]]}},{"type":"Feature","properties":{"site":"Blue Creek Central Precinct","t":"line"},"geometry":{"type":"LineString","coordinates":[[-88.897544,17.859698],[-88.897496,17.859715]]}},{"type":"Feature","properties":{"site":"Blue Creek Central Precinct","t":"line"},"geometry":{"type":"LineString","coordinates":[[-88.897515,17.859831],[-88.897545,17.859842]]}},{"type":"Feature","properties":{"site":"Blue Creek Central Precinct","t":"line"},"geometry":{"type":"LineString","coordinates":[[-88.897256,17.859267],[-88.897342,17.859491]]}},{"type":"Feature","properties":{"site":"Blue Creek Central Precinct","t":"line"},"geometry":{"type":"LineString","coordinates":[[-88.897342,17.859491],[-88.897458,17.8596]]}},{"type":"Feature","properties":{"site":"Blue Creek Central Precinct","t":"line"},"geometry":{"type":"LineString","coordinates":[[-88.897865,17.859238],[-88.897443,17.859276]]}},{"type":"Feature","properties":{"site":"Blue Creek Central Precinct","t":"line"},"geometry":{"type":"LineString","coordinates":[[-88.897443,17.859276],[-88.897463,17.859508]]}},{"type":"Feature","properties":{"site":"Blue Creek Central Precinct","t":"line"},"geometry":{"type":"LineString","coordinates":[[-88.897463,17.859508],[-88.897892,17.859469]]}},{"type":"Feature","properties":{"site":"Blue Creek Central Precinct","t":"line"},"geometry":{"type":"LineString","coordinates":[[-88.897892,17.859469],[-88.897865,17.859238]]}},{"type":"Feature","properties":{"site":"Blue Creek Central Precinct","t":"line"},"geometry":{"type":"LineString","coordinates":[[-88.897865,17.859238],[-88.897794,17.859342]]}},{"type":"Feature","properties":{"site":"Blue Creek Central Precinct","t":"line"},"geometry":{"type":"LineString","coordinates":[[-88.897794,17.859342],[-88.897794,17.859389]]}},{"type":"Feature","properties":{"site":"Blue Creek Central Precinct","t":"line"},"geometry":{"type":"LineString","coordinates":[[-88.897794,17.859389],[-88.897892,17.859469]]}},{"type":"Feature","properties":{"site":"Blue Creek Central Precinct","t":"line"},"geometry":{"type":"LineString","coordinates":[[-88.897443,17.859276],[-88.89754,17.859362]]}},{"type":"Feature","properties":{"site":"Blue Creek Central Precinct","t":"line"},"geometry":{"type":"LineString","coordinates":[[-88.89754,17.859362],[-88.897541,17.859408]]}},{"type":"Feature","properties":{"site":"Blue Creek Central Precinct","t":"line"},"geometry":{"type":"LineString","coordinates":[[-88.897541,17.859408],[-88.897463,17.859508]]}},{"type":"Feature","properties":{"site":"Blue Creek Central Precinct","t":"line"},"geometry":{"type":"LineString","coordinates":[[-88.897794,17.859389],[-88.897541,17.859408]]}},{"type":"Feature","properties":{"site":"Blue Creek Central Precinct","t":"line"},"geometry":{"type":"LineString","coordinates":[[-88.897794,17.859342],[-88.89754,17.859362]]}},{"type":"Feature","properties":{"site":"Blue Creek Central Precinct","t":"line"},"geometry":{"type":"LineString","coordinates":[[-88.897607,17.859362],[-88.897607,17.859408]]}},{"type":"Feature","properties":{"site":"Blue Creek Central Precinct","t":"line"},"geometry":{"type":"LineString","coordinates":[[-88.897607,17.859408],[-88.897607,17.859402]]}},{"type":"Feature","properties":{"site":"Blue Creek Central Precinct","t":"line"},"geometry":{"type":"LineString","coordinates":[[-88.897607,17.859402],[-88.897607,17.859373]]}},{"type":"Feature","properties":{"site":"Blue Creek Central Precinct","t":"line"},"geometry":{"type":"LineString","coordinates":[[-88.897607,17.859373],[-88.897607,17.859362]]}},{"type":"Feature","properties":{"site":"Blue Creek Central Precinct","t":"line"},"geometry":{"type":"LineString","coordinates":[[-88.897727,17.859343],[-88.897721,17.859355]]}},{"type":"Feature","properties":{"site":"Blue Creek Central Precinct","t":"line"},"geometry":{"type":"LineString","coordinates":[[-88.897721,17.859355],[-88.897722,17.859384]]}},{"type":"Feature","properties":{"site":"Blue Creek Central Precinct","t":"line"},"geometry":{"type":"LineString","coordinates":[[-88.897722,17.859384],[-88.897734,17.859401]]}},{"type":"Feature","properties":{"site":"Blue Creek Central Precinct","t":"line"},"geometry":{"type":"LineString","coordinates":[[-88.897734,17.859401],[-88.897727,17.859343]]}},{"type":"Feature","properties":{"site":"Blue Creek Central Precinct","t":"line"},"geometry":{"type":"LineString","coordinates":[[-88.897722,17.859384],[-88.897607,17.859402]]}},{"type":"Feature","properties":{"site":"Blue Creek Central Precinct","t":"line"},"geometry":{"type":"LineString","coordinates":[[-88.897721,17.859355],[-88.897607,17.859373]]}},{"type":"Feature","properties":{"site":"Blue Creek Central Precinct","t":"line"},"geometry":{"type":"LineString","coordinates":[[-88.898168,17.859333],[-88.89812,17.859339]]}},{"type":"Feature","properties":{"site":"Blue Creek Central Precinct","t":"line"},"geometry":{"type":"LineString","coordinates":[[-88.900059,17.866276],[-88.89997,17.866439]]}},{"type":"Feature","properties":{"site":"Blue Creek Central Precinct","t":"line"},"geometry":{"type":"LineString","coordinates":[[-88.89997,17.866439],[-88.899855,17.866371]]}},{"type":"Feature","properties":{"site":"Blue Creek Central Precinct","t":"line"},"geometry":{"type":"LineString","coordinates":[[-88.899855,17.866371],[-88.899885,17.866313]]}},{"type":"Feature","properties":{"site":"Blue Creek Central Precinct","t":"line"},"geometry":{"type":"LineString","coordinates":[[-88.899885,17.866313],[-88.899951,17.866341]]}},{"type":"Feature","properties":{"site":"Blue Creek Central Precinct","t":"line"},"geometry":{"type":"LineString","coordinates":[[-88.899951,17.866341],[-88.900005,17.866248]]}},{"type":"Feature","properties":{"site":"Blue Creek Central Precinct","t":"line"},"geometry":{"type":"LineString","coordinates":[[-88.900005,17.866248],[-88.900059,17.866276]]}},{"type":"Feature","properties":{"site":"Blue Creek Central Precinct","t":"line"},"geometry":{"type":"LineString","coordinates":[[-88.900059,17.866276],[-88.900029,17.866288]]}},{"type":"Feature","properties":{"site":"Blue Creek Central Precinct","t":"line"},"geometry":{"type":"LineString","coordinates":[[-88.900029,17.866288],[-88.900011,17.866277]]}},{"type":"Feature","properties":{"site":"Blue Creek Central Precinct","t":"line"},"geometry":{"type":"LineString","coordinates":[[-88.900011,17.866277],[-88.899958,17.86637]]}},{"type":"Feature","properties":{"site":"Blue Creek Central Precinct","t":"line"},"geometry":{"type":"LineString","coordinates":[[-88.899958,17.86637],[-88.899903,17.86633]]}},{"type":"Feature","properties":{"site":"Blue Creek Central Precinct","t":"line"},"geometry":{"type":"LineString","coordinates":[[-88.899903,17.86633],[-88.899879,17.866359]]}},{"type":"Feature","properties":{"site":"Blue Creek Central Precinct","t":"line"},"geometry":{"type":"LineString","coordinates":[[-88.899879,17.866359],[-88.89997,17.866404]]}},{"type":"Feature","properties":{"site":"Blue Creek Central Precinct","t":"line"},"geometry":{"type":"LineString","coordinates":[[-88.89997,17.866404],[-88.900029,17.866288]]}},{"type":"Feature","properties":{"site":"Blue Creek Central Precinct","t":"line"},"geometry":{"type":"LineString","coordinates":[[-88.89997,17.866404],[-88.89997,17.866439]]}},{"type":"Feature","properties":{"site":"Blue Creek Central Precinct","t":"line"},"geometry":{"type":"LineString","coordinates":[[-88.899879,17.866359],[-88.899855,17.866371]]}},{"type":"Feature","properties":{"site":"Blue Creek Central Precinct","t":"line"},"geometry":{"type":"LineString","coordinates":[[-88.899885,17.866313],[-88.899903,17.86633]]}},{"type":"Feature","properties":{"site":"Blue Creek Central Precinct","t":"line"},"geometry":{"type":"LineString","coordinates":[[-88.899951,17.866341],[-88.899958,17.86637]]}},{"type":"Feature","properties":{"site":"Blue Creek Central Precinct","t":"line"},"geometry":{"type":"LineString","coordinates":[[-88.900005,17.866248],[-88.900011,17.866277]]}},{"type":"Feature","properties":{"site":"Blue Creek Central Precinct","t":"line"},"geometry":{"type":"LineString","coordinates":[[-88.89881,17.866352],[-88.898844,17.866652]]}},{"type":"Feature","properties":{"site":"Blue Creek Central Precinct","t":"line"},"geometry":{"type":"LineString","coordinates":[[-88.898844,17.866652],[-88.898681,17.866671]]}},{"type":"Feature","properties":{"site":"Blue Creek Central Precinct","t":"line"},"geometry":{"type":"LineString","coordinates":[[-88.898681,17.866671],[-88.898433,17.866697]]}},{"type":"Feature","properties":{"site":"Blue Creek Central Precinct","t":"line"},"geometry":{"type":"LineString","coordinates":[[-88.898433,17.866697],[-88.898427,17.866622]]}},{"type":"Feature","properties":{"site":"Blue Creek Central Precinct","t":"line"},"geometry":{"type":"LineString","coordinates":[[-88.898427,17.866622],[-88.898409,17.866628]]}},{"type":"Feature","properties":{"site":"Blue Creek Central Precinct","t":"line"},"geometry":{"type":"LineString","coordinates":[[-88.898409,17.866628],[-88.898384,17.866634]]}},{"type":"Feature","properties":{"site":"Blue Creek Central Precinct","t":"line"},"geometry":{"type":"LineString","coordinates":[[-88.898384,17.866634],[-88.898364,17.866455]]}},{"type":"Feature","properties":{"site":"Blue Creek Central Precinct","t":"line"},"geometry":{"type":"LineString","coordinates":[[-88.898364,17.866455],[-88.898401,17.866501]]}},{"type":"Feature","properties":{"site":"Blue Creek Central Precinct","t":"line"},"geometry":{"type":"LineString","coordinates":[[-88.898401,17.866501],[-88.898414,17.86657]]}},{"type":"Feature","properties":{"site":"Blue Creek Central Precinct","t":"line"},"geometry":{"type":"LineString","coordinates":[[-88.898414,17.86657],[-88.898414,17.866599]]}},{"type":"Feature","properties":{"site":"Blue Creek Central Precinct","t":"line"},"geometry":{"type":"LineString","coordinates":[[-88.898414,17.866599],[-88.898384,17.866634]]}},{"type":"Feature","properties":{"site":"Blue Creek Central Precinct","t":"line"},"geometry":{"type":"LineString","coordinates":[[-88.898414,17.866599],[-88.898462,17.866593]]}},{"type":"Feature","properties":{"site":"Blue Creek Central Precinct","t":"line"},"geometry":{"type":"LineString","coordinates":[[-88.898462,17.866593],[-88.898493,17.866621]]}},{"type":"Feature","properties":{"site":"Blue Creek Central Precinct","t":"line"},"geometry":{"type":"LineString","coordinates":[[-88.898493,17.866621],[-88.898427,17.866622]]}},{"type":"Feature","properties":{"site":"Blue Creek Central Precinct","t":"line"},"geometry":{"type":"LineString","coordinates":[[-88.898427,17.866622],[-88.898463,17.86665]]}},{"type":"Feature","properties":{"site":"Blue Creek Central Precinct","t":"line"},"geometry":{"type":"LineString","coordinates":[[-88.898463,17.86665],[-88.898433,17.866697]]}},{"type":"Feature","properties":{"site":"Blue Creek Central Precinct","t":"line"},"geometry":{"type":"LineString","coordinates":[[-88.898463,17.86665],[-88.898668,17.866631]]}},{"type":"Feature","properties":{"site":"Blue Creek Central Precinct","t":"line"},"geometry":{"type":"LineString","coordinates":[[-88.898668,17.866631],[-88.898699,17.866648]]}},{"type":"Feature","properties":{"site":"Blue Creek Central Precinct","t":"line"},"geometry":{"type":"LineString","coordinates":[[-88.898699,17.866648],[-88.898681,17.866671]]}},{"type":"Feature","properties":{"site":"Blue Creek Central Precinct","t":"line"},"geometry":{"type":"LineString","coordinates":[[-88.898699,17.866648],[-88.898686,17.866619]]}},{"type":"Feature","properties":{"site":"Blue Creek Central Precinct","t":"line"},"geometry":{"type":"LineString","coordinates":[[-88.898686,17.866619],[-88.898668,17.866631]]}},{"type":"Feature","properties":{"site":"Blue Creek Central Precinct","t":"line"},"geometry":{"type":"LineString","coordinates":[[-88.898699,17.866648],[-88.898819,17.866641]]}},{"type":"Feature","properties":{"site":"Blue Creek Central Precinct","t":"line"},"geometry":{"type":"LineString","coordinates":[[-88.898819,17.866641],[-88.898844,17.866652]]}},{"type":"Feature","properties":{"site":"Blue Creek Central Precinct","t":"line"},"geometry":{"type":"LineString","coordinates":[[-88.898819,17.866641],[-88.89878,17.86637]]}},{"type":"Feature","properties":{"site":"Blue Creek Central Precinct","t":"line"},"geometry":{"type":"LineString","coordinates":[[-88.89878,17.86637],[-88.89881,17.866352]]}},{"type":"Feature","properties":{"site":"Blue Creek Central Precinct","t":"line"},"geometry":{"type":"LineString","coordinates":[[-88.89881,17.866352],[-88.898617,17.866366]]}},{"type":"Feature","properties":{"site":"Blue Creek Central Precinct","t":"line"},"geometry":{"type":"LineString","coordinates":[[-88.898617,17.866366],[-88.898539,17.866372]]}},{"type":"Feature","properties":{"site":"Blue Creek Central Precinct","t":"line"},"geometry":{"type":"LineString","coordinates":[[-88.898539,17.866372],[-88.89846,17.86639]]}},{"type":"Feature","properties":{"site":"Blue Creek Central Precinct","t":"line"},"geometry":{"type":"LineString","coordinates":[[-88.89846,17.86639],[-88.898406,17.866362]]}},{"type":"Feature","properties":{"site":"Blue Creek Central Precinct","t":"line"},"geometry":{"type":"LineString","coordinates":[[-88.898406,17.866362],[-88.898406,17.866368]]}},{"type":"Feature","properties":{"site":"Blue Creek Central Precinct","t":"line"},"geometry":{"type":"LineString","coordinates":[[-88.898406,17.866368],[-88.89834,17.866391]]}},{"type":"Feature","properties":{"site":"Blue Creek Central Precinct","t":"line"},"geometry":{"type":"LineString","coordinates":[[-88.89834,17.866391],[-88.898261,17.866392]]}},{"type":"Feature","properties":{"site":"Blue Creek Central Precinct","t":"line"},"geometry":{"type":"LineString","coordinates":[[-88.898261,17.866392],[-88.898262,17.866496]]}},{"type":"Feature","properties":{"site":"Blue Creek Central Precinct","t":"line"},"geometry":{"type":"LineString","coordinates":[[-88.898262,17.866496],[-88.89831,17.866496]]}},{"type":"Feature","properties":{"site":"Blue Creek Central Precinct","t":"line"},"geometry":{"type":"LineString","coordinates":[[-88.89831,17.866496],[-88.89831,17.866432]]}},{"type":"Feature","properties":{"site":"Blue Creek Central Precinct","t":"line"},"geometry":{"type":"LineString","coordinates":[[-88.89831,17.866432],[-88.89834,17.866432]]}},{"type":"Feature","properties":{"site":"Blue Creek Central Precinct","t":"line"},"geometry":{"type":"LineString","coordinates":[[-88.89834,17.866432],[-88.89834,17.86642]]}},{"type":"Feature","properties":{"site":"Blue Creek Central Precinct","t":"line"},"geometry":{"type":"LineString","coordinates":[[-88.89834,17.86642],[-88.898412,17.86642]]}},{"type":"Feature","properties":{"site":"Blue Creek Central Precinct","t":"line"},"geometry":{"type":"LineString","coordinates":[[-88.898412,17.86642],[-88.898425,17.86646]]}},{"type":"Feature","properties":{"site":"Blue Creek Central Precinct","t":"line"},"geometry":{"type":"LineString","coordinates":[[-88.898425,17.86646],[-88.898449,17.866454]]}},{"type":"Feature","properties":{"site":"Blue Creek Central Precinct","t":"line"},"geometry":{"type":"LineString","coordinates":[[-88.898449,17.866454],[-88.898527,17.866453]]}},{"type":"Feature","properties":{"site":"Blue Creek Central Precinct","t":"line"},"geometry":{"type":"LineString","coordinates":[[-88.898527,17.866453],[-88.898528,17.866465]]}},{"type":"Feature","properties":{"site":"Blue Creek Central Precinct","t":"line"},"geometry":{"type":"LineString","coordinates":[[-88.898528,17.866465],[-88.898503,17.866471]]}},{"type":"Feature","properties":{"site":"Blue Creek Central Precinct","t":"line"},"geometry":{"type":"LineString","coordinates":[[-88.898503,17.866471],[-88.898516,17.866546]]}},{"type":"Feature","properties":{"site":"Blue Creek Central Precinct","t":"line"},"geometry":{"type":"LineString","coordinates":[[-88.898516,17.866546],[-88.898534,17.866546]]}},{"type":"Feature","properties":{"site":"Blue Creek Central Precinct","t":"line"},"geometry":{"type":"LineString","coordinates":[[-88.898534,17.866546],[-88.898535,17.866615]]}},{"type":"Feature","properties":{"site":"Blue Creek Central Precinct","t":"line"},"geometry":{"type":"LineString","coordinates":[[-88.898535,17.866615],[-88.898493,17.866621]]}},{"type":"Feature","properties":{"site":"Blue Creek Central Precinct","t":"line"},"geometry":{"type":"LineString","coordinates":[[-88.898493,17.866621],[-88.898467,17.866465]]}},{"type":"Feature","properties":{"site":"Blue Creek Central Precinct","t":"line"},"geometry":{"type":"LineString","coordinates":[[-88.898467,17.866465],[-88.898443,17.866494]]}},{"type":"Feature","properties":{"site":"Blue Creek Central Precinct","t":"line"},"geometry":{"type":"LineString","coordinates":[[-88.898443,17.866494],[-88.898401,17.866501]]}},{"type":"Feature","properties":{"site":"Blue Creek Central Precinct","t":"line"},"geometry":{"type":"LineString","coordinates":[[-88.898443,17.866494],[-88.89845,17.86657]]}},{"type":"Feature","properties":{"site":"Blue Creek Central Precinct","t":"line"},"geometry":{"type":"LineString","coordinates":[[-88.89845,17.86657],[-88.898462,17.866593]]}},{"type":"Feature","properties":{"site":"Blue Creek Central Precinct","t":"line"},"geometry":{"type":"LineString","coordinates":[[-88.898462,17.866593],[-88.898444,17.866587]]}},{"type":"Feature","properties":{"site":"Blue Creek Central Precinct","t":"line"},"geometry":{"type":"LineString","coordinates":[[-88.898444,17.866587],[-88.898426,17.866587]]}},{"type":"Feature","properties":{"site":"Blue Creek Central Precinct","t":"line"},"geometry":{"type":"LineString","coordinates":[[-88.898426,17.866587],[-88.898414,17.86657]]}},{"type":"Feature","properties":{"site":"Blue Creek Central Precinct","t":"line"},"geometry":{"type":"LineString","coordinates":[[-88.898414,17.86657],[-88.89845,17.86657]]}},{"type":"Feature","properties":{"site":"Blue Creek Central Precinct","t":"line"},"geometry":{"type":"LineString","coordinates":[[-88.89845,17.86657],[-88.898444,17.866587]]}},{"type":"Feature","properties":{"site":"Blue Creek Central Precinct","t":"line"},"geometry":{"type":"LineString","coordinates":[[-88.898414,17.86657],[-88.898432,17.866564]]}},{"type":"Feature","properties":{"site":"Blue Creek Central Precinct","t":"line"},"geometry":{"type":"LineString","coordinates":[[-88.898432,17.866564],[-88.89845,17.86657]]}},{"type":"Feature","properties":{"site":"Blue Creek Central Precinct","t":"line"},"geometry":{"type":"LineString","coordinates":[[-88.898432,17.866564],[-88.898431,17.866518]]}},{"type":"Feature","properties":{"site":"Blue Creek Central Precinct","t":"line"},"geometry":{"type":"LineString","coordinates":[[-88.898431,17.866518],[-88.898443,17.866494]]}},{"type":"Feature","properties":{"site":"Blue Creek Central Precinct","t":"line"},"geometry":{"type":"LineString","coordinates":[[-88.898431,17.866518],[-88.898401,17.866501]]}},{"type":"Feature","properties":{"site":"Blue Creek Central Precinct","t":"line"},"geometry":{"type":"LineString","coordinates":[[-88.898364,17.866455],[-88.898401,17.866472]]}},{"type":"Feature","properties":{"site":"Blue Creek Central Precinct","t":"line"},"geometry":{"type":"LineString","coordinates":[[-88.898401,17.866472],[-88.898467,17.866465]]}},{"type":"Feature","properties":{"site":"Blue Creek Central Precinct","t":"line"},"geometry":{"type":"LineString","coordinates":[[-88.89831,17.866496],[-88.898292,17.866484]]}},{"type":"Feature","properties":{"site":"Blue Creek Central Precinct","t":"line"},"geometry":{"type":"LineString","coordinates":[[-88.898292,17.866484],[-88.898262,17.866496]]}},{"type":"Feature","properties":{"site":"Blue Creek Central Precinct","t":"line"},"geometry":{"type":"LineString","coordinates":[[-88.898292,17.866484],[-88.898292,17.866421]]}},{"type":"Feature","properties":{"site":"Blue Creek Central Precinct","t":"line"},"geometry":{"type":"LineString","coordinates":[[-88.898292,17.866421],[-88.898261,17.866392]]}},{"type":"Feature","properties":{"site":"Blue Creek Central Precinct","t":"line"},"geometry":{"type":"LineString","coordinates":[[-88.898292,17.866421],[-88.89831,17.866432]]}},{"type":"Feature","properties":{"site":"Blue Creek Central Precinct","t":"line"},"geometry":{"type":"LineString","coordinates":[[-88.898292,17.866421],[-88.898328,17.866409]]}},{"type":"Feature","properties":{"site":"Blue Creek Central Precinct","t":"line"},"geometry":{"type":"LineString","coordinates":[[-88.898328,17.866409],[-88.89834,17.866432]]}},{"type":"Feature","properties":{"site":"Blue Creek Central Precinct","t":"line"},"geometry":{"type":"LineString","coordinates":[[-88.898328,17.866409],[-88.89834,17.866391]]}},{"type":"Feature","properties":{"site":"Blue Creek Central Precinct","t":"line"},"geometry":{"type":"LineString","coordinates":[[-88.89834,17.866391],[-88.89834,17.86642]]}},{"type":"Feature","properties":{"site":"Blue Creek Central Precinct","t":"line"},"geometry":{"type":"LineString","coordinates":[[-88.89834,17.86642],[-88.898358,17.866403]]}},{"type":"Feature","properties":{"site":"Blue Creek Central Precinct","t":"line"},"geometry":{"type":"LineString","coordinates":[[-88.898358,17.866403],[-88.898358,17.866391]]}},{"type":"Feature","properties":{"site":"Blue Creek Central Precinct","t":"line"},"geometry":{"type":"LineString","coordinates":[[-88.898358,17.866391],[-88.89834,17.866391]]}},{"type":"Feature","properties":{"site":"Blue Creek Central Precinct","t":"line"},"geometry":{"type":"LineString","coordinates":[[-88.898358,17.866391],[-88.898412,17.866391]]}},{"type":"Feature","properties":{"site":"Blue Creek Central Precinct","t":"line"},"geometry":{"type":"LineString","coordinates":[[-88.898412,17.866391],[-88.898424,17.866396]]}},{"type":"Feature","properties":{"site":"Blue Creek Central Precinct","t":"line"},"geometry":{"type":"LineString","coordinates":[[-88.898424,17.866396],[-88.898412,17.86642]]}},{"type":"Feature","properties":{"site":"Blue Creek Central Precinct","t":"line"},"geometry":{"type":"LineString","coordinates":[[-88.898424,17.866396],[-88.898358,17.866403]]}},{"type":"Feature","properties":{"site":"Blue Creek Central Precinct","t":"line"},"geometry":{"type":"LineString","coordinates":[[-88.898406,17.866368],[-88.898412,17.866391]]}},{"type":"Feature","properties":{"site":"Blue Creek Central Precinct","t":"line"},"geometry":{"type":"LineString","coordinates":[[-88.898406,17.866362],[-88.898461,17.866419]]}},{"type":"Feature","properties":{"site":"Blue Creek Central Precinct","t":"line"},"geometry":{"type":"LineString","coordinates":[[-88.898461,17.866419],[-88.898425,17.86646]]}},{"type":"Feature","properties":{"site":"Blue Creek Central Precinct","t":"line"},"geometry":{"type":"LineString","coordinates":[[-88.898461,17.866419],[-88.898515,17.866419]]}},{"type":"Feature","properties":{"site":"Blue Creek Central Precinct","t":"line"},"geometry":{"type":"LineString","coordinates":[[-88.898515,17.866419],[-88.898545,17.866436]]}},{"type":"Feature","properties":{"site":"Blue Creek Central Precinct","t":"line"},"geometry":{"type":"LineString","coordinates":[[-88.898545,17.866436],[-88.898539,17.866372]]}},{"type":"Feature","properties":{"site":"Blue Creek Central Precinct","t":"line"},"geometry":{"type":"LineString","coordinates":[[-88.898539,17.866372],[-88.898515,17.866419]]}},{"type":"Feature","properties":{"site":"Blue Creek Central Precinct","t":"line"},"geometry":{"type":"LineString","coordinates":[[-88.898545,17.866436],[-88.898527,17.866453]]}},{"type":"Feature","properties":{"site":"Blue Creek Central Precinct","t":"line"},"geometry":{"type":"LineString","coordinates":[[-88.898545,17.866436],[-88.898564,17.866488]]}},{"type":"Feature","properties":{"site":"Blue Creek Central Precinct","t":"line"},"geometry":{"type":"LineString","coordinates":[[-88.898564,17.866488],[-88.89857,17.866522]]}},{"type":"Feature","properties":{"site":"Blue Creek Central Precinct","t":"line"},"geometry":{"type":"LineString","coordinates":[[-88.89857,17.866522],[-88.898577,17.866609]]}},{"type":"Feature","properties":{"site":"Blue Creek Central Precinct","t":"line"},"geometry":{"type":"LineString","coordinates":[[-88.898577,17.866609],[-88.898578,17.86662]]}},{"type":"Feature","properties":{"site":"Blue Creek Central Precinct","t":"line"},"geometry":{"type":"LineString","coordinates":[[-88.898535,17.866615],[-88.898578,17.86662]]}},{"type":"Feature","properties":{"site":"Blue Creek Central Precinct","t":"line"},"geometry":{"type":"LineString","coordinates":[[-88.898578,17.86662],[-88.898686,17.866614]]}},{"type":"Feature","properties":{"site":"Blue Creek Central Precinct","t":"line"},"geometry":{"type":"LineString","coordinates":[[-88.898686,17.866614],[-88.898686,17.866619]]}},{"type":"Feature","properties":{"site":"Blue Creek Central Precinct","t":"line"},"geometry":{"type":"LineString","coordinates":[[-88.898686,17.866619],[-88.898777,17.866607]]}},{"type":"Feature","properties":{"site":"Blue Creek Central Precinct","t":"line"},"geometry":{"type":"LineString","coordinates":[[-88.898777,17.866607],[-88.898771,17.866607]]}},{"type":"Feature","properties":{"site":"Blue Creek Central Precinct","t":"line"},"geometry":{"type":"LineString","coordinates":[[-88.898771,17.866607],[-88.898686,17.866614]]}},{"type":"Feature","properties":{"site":"Blue Creek Central Precinct","t":"line"},"geometry":{"type":"LineString","coordinates":[[-88.89857,17.866522],[-88.898534,17.866546]]}},{"type":"Feature","properties":{"site":"Blue Creek Central Precinct","t":"line"},"geometry":{"type":"LineString","coordinates":[[-88.89857,17.866522],[-88.898534,17.866517]]}},{"type":"Feature","properties":{"site":"Blue Creek Central Precinct","t":"line"},"geometry":{"type":"LineString","coordinates":[[-88.898534,17.866517],[-88.898516,17.866546]]}},{"type":"Feature","properties":{"site":"Blue Creek Central Precinct","t":"line"},"geometry":{"type":"LineString","coordinates":[[-88.898503,17.866471],[-88.898534,17.866517]]}},{"type":"Feature","properties":{"site":"Blue Creek Central Precinct","t":"line"},"geometry":{"type":"LineString","coordinates":[[-88.898534,17.866517],[-88.898564,17.866488]]}},{"type":"Feature","properties":{"site":"Blue Creek Central Precinct","t":"line"},"geometry":{"type":"LineString","coordinates":[[-88.898564,17.866488],[-88.898528,17.866465]]}},{"type":"Feature","properties":{"site":"Blue Creek Central Precinct","t":"line"},"geometry":{"type":"LineString","coordinates":[[-88.898648,17.866429],[-88.898744,17.866422]]}},{"type":"Feature","properties":{"site":"Blue Creek Central Precinct","t":"line"},"geometry":{"type":"LineString","coordinates":[[-88.898744,17.866422],[-88.898771,17.866607]]}},{"type":"Feature","properties":{"site":"Blue Creek Central Precinct","t":"line"},"geometry":{"type":"LineString","coordinates":[[-88.898777,17.866607],[-88.89875,17.866416]]}},{"type":"Feature","properties":{"site":"Blue Creek Central Precinct","t":"line"},"geometry":{"type":"LineString","coordinates":[[-88.89875,17.866416],[-88.898744,17.866422]]}},{"type":"Feature","properties":{"site":"Blue Creek Central Precinct","t":"line"},"geometry":{"type":"LineString","coordinates":[[-88.89875,17.866416],[-88.898648,17.866423]]}},{"type":"Feature","properties":{"site":"Blue Creek Central Precinct","t":"line"},"geometry":{"type":"LineString","coordinates":[[-88.898648,17.866429],[-88.898648,17.866423]]}},{"type":"Feature","properties":{"site":"Blue Creek Central Precinct","t":"line"},"geometry":{"type":"LineString","coordinates":[[-88.898648,17.866423],[-88.898636,17.8664]]}},{"type":"Feature","properties":{"site":"Blue Creek Central Precinct","t":"line"},"geometry":{"type":"LineString","coordinates":[[-88.898636,17.8664],[-88.898563,17.866407]]}},{"type":"Feature","properties":{"site":"Blue Creek Central Precinct","t":"line"},"geometry":{"type":"LineString","coordinates":[[-88.898563,17.866407],[-88.898545,17.866436]]}},{"type":"Feature","properties":{"site":"Blue Creek Central Precinct","t":"line"},"geometry":{"type":"LineString","coordinates":[[-88.898539,17.866372],[-88.898563,17.866407]]}},{"type":"Feature","properties":{"site":"Blue Creek Central Precinct","t":"line"},"geometry":{"type":"LineString","coordinates":[[-88.898617,17.866366],[-88.898648,17.866388]]}},{"type":"Feature","properties":{"site":"Blue Creek Central Precinct","t":"line"},"geometry":{"type":"LineString","coordinates":[[-88.898648,17.866388],[-88.898648,17.866423]]}},{"type":"Feature","properties":{"site":"Blue Creek Central Precinct","t":"line"},"geometry":{"type":"LineString","coordinates":[[-88.898648,17.866388],[-88.898636,17.8664]]}},{"type":"Feature","properties":{"site":"Blue Creek Central Precinct","t":"line"},"geometry":{"type":"LineString","coordinates":[[-88.898648,17.866388],[-88.89878,17.86637]]}},{"type":"Feature","properties":{"site":"Blue Creek Central Precinct","t":"line"},"geometry":{"type":"LineString","coordinates":[[-88.898648,17.866429],[-88.898545,17.866436]]}},{"type":"Feature","properties":{"site":"Blue Creek Central Precinct","t":"line"},"geometry":{"type":"LineString","coordinates":[[-88.897843,17.865084],[-88.897838,17.865199]]}},{"type":"Feature","properties":{"site":"Blue Creek Central Precinct","t":"line"},"geometry":{"type":"LineString","coordinates":[[-88.897838,17.865199],[-88.897723,17.865189]]}},{"type":"Feature","properties":{"site":"Blue Creek Central Precinct","t":"line"},"geometry":{"type":"LineString","coordinates":[[-88.897723,17.865189],[-88.897722,17.865137]]}},{"type":"Feature","properties":{"site":"Blue Creek Central Precinct","t":"line"},"geometry":{"type":"LineString","coordinates":[[-88.897722,17.865137],[-88.897771,17.865136]]}},{"type":"Feature","properties":{"site":"Blue Creek Central Precinct","t":"line"},"geometry":{"type":"LineString","coordinates":[[-88.897771,17.865136],[-88.897776,17.865084]]}},{"type":"Feature","properties":{"site":"Blue Creek Central Precinct","t":"line"},"geometry":{"type":"LineString","coordinates":[[-88.897776,17.865084],[-88.897843,17.865084]]}},{"type":"Feature","properties":{"site":"Blue Creek Central Precinct","t":"line"},"geometry":{"type":"LineString","coordinates":[[-88.897843,17.865084],[-88.897813,17.865101]]}},{"type":"Feature","properties":{"site":"Blue Creek Central Precinct","t":"line"},"geometry":{"type":"LineString","coordinates":[[-88.897813,17.865101],[-88.897788,17.865102]]}},{"type":"Feature","properties":{"site":"Blue Creek Central Precinct","t":"line"},"geometry":{"type":"LineString","coordinates":[[-88.897788,17.865102],[-88.897783,17.865148]]}},{"type":"Feature","properties":{"site":"Blue Creek Central Precinct","t":"line"},"geometry":{"type":"LineString","coordinates":[[-88.897783,17.865148],[-88.897741,17.865148]]}},{"type":"Feature","properties":{"site":"Blue Creek Central Precinct","t":"line"},"geometry":{"type":"LineString","coordinates":[[-88.897741,17.865148],[-88.897741,17.865171]]}},{"type":"Feature","properties":{"site":"Blue Creek Central Precinct","t":"line"},"geometry":{"type":"LineString","coordinates":[[-88.897741,17.865171],[-88.897807,17.865177]]}},{"type":"Feature","properties":{"site":"Blue Creek Central Precinct","t":"line"},"geometry":{"type":"LineString","coordinates":[[-88.897807,17.865177],[-88.897813,17.865101]]}},{"type":"Feature","properties":{"site":"Blue Creek Central Precinct","t":"line"},"geometry":{"type":"LineString","coordinates":[[-88.897807,17.865177],[-88.897838,17.865199]]}},{"type":"Feature","properties":{"site":"Blue Creek Central Precinct","t":"line"},"geometry":{"type":"LineString","coordinates":[[-88.897741,17.865171],[-88.897723,17.865189]]}},{"type":"Feature","properties":{"site":"Blue Creek Central Precinct","t":"line"},"geometry":{"type":"LineString","coordinates":[[-88.897741,17.865148],[-88.897722,17.865137]]}},{"type":"Feature","properties":{"site":"Blue Creek Central Precinct","t":"line"},"geometry":{"type":"LineString","coordinates":[[-88.897783,17.865148],[-88.897771,17.865136]]}},{"type":"Feature","properties":{"site":"Blue Creek Central Precinct","t":"line"},"geometry":{"type":"LineString","coordinates":[[-88.897788,17.865102],[-88.897776,17.865084]]}},{"type":"Feature","properties":{"site":"Blue Creek Central Precinct","t":"line"},"geometry":{"type":"LineString","coordinates":[[-88.897673,17.865039],[-88.897668,17.865085]]}},{"type":"Feature","properties":{"site":"Blue Creek Central Precinct","t":"line"},"geometry":{"type":"LineString","coordinates":[[-88.897668,17.865085],[-88.897656,17.865138]]}},{"type":"Feature","properties":{"site":"Blue Creek Central Precinct","t":"line"},"geometry":{"type":"LineString","coordinates":[[-88.897656,17.865138],[-88.897657,17.865184]]}},{"type":"Feature","properties":{"site":"Blue Creek Central Precinct","t":"line"},"geometry":{"type":"LineString","coordinates":[[-88.897657,17.865184],[-88.897651,17.865236]]}},{"type":"Feature","properties":{"site":"Blue Creek Central Precinct","t":"line"},"geometry":{"type":"LineString","coordinates":[[-88.897651,17.865236],[-88.897506,17.865226]]}},{"type":"Feature","properties":{"site":"Blue Creek Central Precinct","t":"line"},"geometry":{"type":"LineString","coordinates":[[-88.897506,17.865226],[-88.897511,17.865174]]}},{"type":"Feature","properties":{"site":"Blue Creek Central Precinct","t":"line"},"geometry":{"type":"LineString","coordinates":[[-88.897511,17.865174],[-88.897608,17.865184]]}},{"type":"Feature","properties":{"site":"Blue Creek Central Precinct","t":"line"},"geometry":{"type":"LineString","coordinates":[[-88.897608,17.865184],[-88.897608,17.865138]]}},{"type":"Feature","properties":{"site":"Blue Creek Central Precinct","t":"line"},"geometry":{"type":"LineString","coordinates":[[-88.897608,17.865138],[-88.897613,17.86508]]}},{"type":"Feature","properties":{"site":"Blue Creek Central Precinct","t":"line"},"geometry":{"type":"LineString","coordinates":[[-88.897613,17.86508],[-88.897619,17.86504]]}},{"type":"Feature","properties":{"site":"Blue Creek Central Precinct","t":"line"},"geometry":{"type":"LineString","coordinates":[[-88.897619,17.86504],[-88.897673,17.865039]]}},{"type":"Feature","properties":{"site":"Blue Creek Central Precinct","t":"line"},"geometry":{"type":"LineString","coordinates":[[-88.897673,17.865039],[-88.897643,17.865051]]}},{"type":"Feature","properties":{"site":"Blue Creek Central Precinct","t":"line"},"geometry":{"type":"LineString","coordinates":[[-88.897643,17.865051],[-88.897619,17.86504]]}},{"type":"Feature","properties":{"site":"Blue Creek Central Precinct","t":"line"},"geometry":{"type":"LineString","coordinates":[[-88.897643,17.865051],[-88.897643,17.865074]]}},{"type":"Feature","properties":{"site":"Blue Creek Central Precinct","t":"line"},"geometry":{"type":"LineString","coordinates":[[-88.897643,17.865074],[-88.897613,17.86508]]}},{"type":"Feature","properties":{"site":"Blue Creek Central Precinct","t":"line"},"geometry":{"type":"LineString","coordinates":[[-88.897613,17.86508],[-88.897668,17.865085]]}},{"type":"Feature","properties":{"site":"Blue Creek Central Precinct","t":"line"},"geometry":{"type":"LineString","coordinates":[[-88.897668,17.865085],[-88.897643,17.865074]]}},{"type":"Feature","properties":{"site":"Blue Creek Central Precinct","t":"line"},"geometry":{"type":"LineString","coordinates":[[-88.897668,17.865085],[-88.897644,17.865103]]}},{"type":"Feature","properties":{"site":"Blue Creek Central Precinct","t":"line"},"geometry":{"type":"LineString","coordinates":[[-88.897644,17.865103],[-88.897613,17.86508]]}},{"type":"Feature","properties":{"site":"Blue Creek Central Precinct","t":"line"},"geometry":{"type":"LineString","coordinates":[[-88.897644,17.865103],[-88.897644,17.865115]]}},{"type":"Feature","properties":{"site":"Blue Creek Central Precinct","t":"line"},"geometry":{"type":"LineString","coordinates":[[-88.897644,17.865115],[-88.89762,17.865121]]}},{"type":"Feature","properties":{"site":"Blue Creek Central Precinct","t":"line"},"geometry":{"type":"LineString","coordinates":[[-88.89762,17.865121],[-88.897608,17.865138]]}},{"type":"Feature","properties":{"site":"Blue Creek Central Precinct","t":"line"},"geometry":{"type":"LineString","coordinates":[[-88.897614,17.865126],[-88.897608,17.865126]]}},{"type":"Feature","properties":{"site":"Blue Creek Central Precinct","t":"line"},"geometry":{"type":"LineString","coordinates":[[-88.89762,17.865121],[-88.897656,17.865126]]}},{"type":"Feature","properties":{"site":"Blue Creek Central Precinct","t":"line"},"geometry":{"type":"LineString","coordinates":[[-88.897644,17.865115],[-88.897656,17.865126]]}},{"type":"Feature","properties":{"site":"Blue Creek Central Precinct","t":"line"},"geometry":{"type":"LineString","coordinates":[[-88.897656,17.865126],[-88.897656,17.865138]]}},{"type":"Feature","properties":{"site":"Blue Creek Central Precinct","t":"line"},"geometry":{"type":"LineString","coordinates":[[-88.897656,17.865126],[-88.897644,17.86519]]}},{"type":"Feature","properties":{"site":"Blue Creek Central Precinct","t":"line"},"geometry":{"type":"LineString","coordinates":[[-88.897644,17.86519],[-88.897657,17.865184]]}},{"type":"Feature","properties":{"site":"Blue Creek Central Precinct","t":"line"},"geometry":{"type":"LineString","coordinates":[[-88.897644,17.86519],[-88.897614,17.86519]]}},{"type":"Feature","properties":{"site":"Blue Creek Central Precinct","t":"line"},"geometry":{"type":"LineString","coordinates":[[-88.897614,17.86519],[-88.89762,17.865121]]}},{"type":"Feature","properties":{"site":"Blue Creek Central Precinct","t":"line"},"geometry":{"type":"LineString","coordinates":[[-88.897608,17.865184],[-88.897614,17.86519]]}},{"type":"Feature","properties":{"site":"Blue Creek Central Precinct","t":"line"},"geometry":{"type":"LineString","coordinates":[[-88.897644,17.86519],[-88.897627,17.865207]]}},{"type":"Feature","properties":{"site":"Blue Creek Central Precinct","t":"line"},"geometry":{"type":"LineString","coordinates":[[-88.897627,17.865207],[-88.897524,17.865202]]}},{"type":"Feature","properties":{"site":"Blue Creek Central Precinct","t":"line"},"geometry":{"type":"LineString","coordinates":[[-88.897524,17.865202],[-88.897511,17.865174]]}},{"type":"Feature","properties":{"site":"Blue Creek Central Precinct","t":"line"},"geometry":{"type":"LineString","coordinates":[[-88.897524,17.865202],[-88.897506,17.865226]]}},{"type":"Feature","properties":{"site":"Blue Creek Central Precinct","t":"line"},"geometry":{"type":"LineString","coordinates":[[-88.897627,17.865207],[-88.897651,17.865236]]}},{"type":"Feature","properties":{"site":"Blue Creek Central Precinct","t":"line"},"geometry":{"type":"LineString","coordinates":[[-88.899222,17.861364],[-88.899228,17.861393]]}},{"type":"Feature","properties":{"site":"Blue Creek Central Precinct","t":"line"},"geometry":{"type":"LineString","coordinates":[[-88.899228,17.861393],[-88.899265,17.861439]]}},{"type":"Feature","properties":{"site":"Blue Creek Central Precinct","t":"line"},"geometry":{"type":"LineString","coordinates":[[-88.899265,17.861439],[-88.899114,17.861457]]}},{"type":"Feature","properties":{"site":"Blue Creek Central Precinct","t":"line"},"geometry":{"type":"LineString","coordinates":[[-88.899114,17.861457],[-88.899126,17.861428]]}},{"type":"Feature","properties":{"site":"Blue Creek Central Precinct","t":"line"},"geometry":{"type":"LineString","coordinates":[[-88.899126,17.861428],[-88.899126,17.861405]]}},{"type":"Feature","properties":{"site":"Blue Creek Central Precinct","t":"line"},"geometry":{"type":"LineString","coordinates":[[-88.899126,17.861405],[-88.899114,17.861405]]}},{"type":"Feature","properties":{"site":"Blue Creek Central Precinct","t":"line"},"geometry":{"type":"LineString","coordinates":[[-88.899114,17.861405],[-88.899095,17.861296]]}},{"type":"Feature","properties":{"site":"Blue Creek Central Precinct","t":"line"},"geometry":{"type":"LineString","coordinates":[[-88.899095,17.861296],[-88.899095,17.86129]]}},{"type":"Feature","properties":{"site":"Blue Creek Central Precinct","t":"line"},"geometry":{"type":"LineString","coordinates":[[-88.899095,17.86129],[-88.899113,17.861296]]}},{"type":"Feature","properties":{"site":"Blue Creek Central Precinct","t":"line"},"geometry":{"type":"LineString","coordinates":[[-88.899113,17.861296],[-88.89912,17.861376]]}},{"type":"Feature","properties":{"site":"Blue Creek Central Precinct","t":"line"},"geometry":{"type":"LineString","coordinates":[[-88.89912,17.861376],[-88.899114,17.861405]]}},{"type":"Feature","properties":{"site":"Blue Creek Central Precinct","t":"line"},"geometry":{"type":"LineString","coordinates":[[-88.89912,17.861376],[-88.89915,17.861376]]}},{"type":"Feature","properties":{"site":"Blue Creek Central Precinct","t":"line"},"geometry":{"type":"LineString","coordinates":[[-88.89915,17.861376],[-88.899125,17.861295]]}},{"type":"Feature","properties":{"site":"Blue Creek Central Precinct","t":"line"},"geometry":{"type":"LineString","coordinates":[[-88.899125,17.861295],[-88.899113,17.861296]]}},{"type":"Feature","properties":{"site":"Blue Creek Central Precinct","t":"line"},"geometry":{"type":"LineString","coordinates":[[-88.899095,17.86129],[-88.899143,17.861278]]}},{"type":"Feature","properties":{"site":"Blue Creek Central Precinct","t":"line"},"geometry":{"type":"LineString","coordinates":[[-88.899143,17.861278],[-88.899125,17.861295]]}},{"type":"Feature","properties":{"site":"Blue Creek Central Precinct","t":"line"},"geometry":{"type":"LineString","coordinates":[[-88.899143,17.861278],[-88.899156,17.861364]]}},{"type":"Feature","properties":{"site":"Blue Creek Central Precinct","t":"line"},"geometry":{"type":"LineString","coordinates":[[-88.899156,17.861364],[-88.89915,17.861376]]}},{"type":"Feature","properties":{"site":"Blue Creek Central Precinct","t":"line"},"geometry":{"type":"LineString","coordinates":[[-88.89915,17.861376],[-88.89915,17.861388]]}},{"type":"Feature","properties":{"site":"Blue Creek Central Precinct","t":"line"},"geometry":{"type":"LineString","coordinates":[[-88.89915,17.861388],[-88.899156,17.861428]]}},{"type":"Feature","properties":{"site":"Blue Creek Central Precinct","t":"line"},"geometry":{"type":"LineString","coordinates":[[-88.899156,17.861428],[-88.899211,17.861422]]}},{"type":"Feature","properties":{"site":"Blue Creek Central Precinct","t":"line"},"geometry":{"type":"LineString","coordinates":[[-88.899211,17.861422],[-88.899198,17.861387]]}},{"type":"Feature","properties":{"site":"Blue Creek Central Precinct","t":"line"},"geometry":{"type":"LineString","coordinates":[[-88.899198,17.861387],[-88.89915,17.861388]]}},{"type":"Feature","properties":{"site":"Blue Creek Central Precinct","t":"line"},"geometry":{"type":"LineString","coordinates":[[-88.899156,17.861428],[-88.899114,17.861457]]}},{"type":"Feature","properties":{"site":"Blue Creek Central Precinct","t":"line"},"geometry":{"type":"LineString","coordinates":[[-88.899211,17.861422],[-88.899265,17.861439]]}},{"type":"Feature","properties":{"site":"Blue Creek Central Precinct","t":"line"},"geometry":{"type":"LineString","coordinates":[[-88.899222,17.861364],[-88.899198,17.861387]]}},{"type":"Feature","properties":{"site":"Blue Creek Central Precinct","t":"line"},"geometry":{"type":"LineString","coordinates":[[-88.899222,17.861364],[-88.899156,17.861364]]}},{"type":"Feature","properties":{"site":"Blue Creek Central Precinct","t":"line"},"geometry":{"type":"LineString","coordinates":[[-88.897913,17.860926],[-88.897829,17.861002]]}},{"type":"Feature","properties":{"site":"Blue Creek Central Precinct","t":"line"},"geometry":{"type":"LineString","coordinates":[[-88.897829,17.861002],[-88.897726,17.860893]]}},{"type":"Feature","properties":{"site":"Blue Creek Central Precinct","t":"line"},"geometry":{"type":"LineString","coordinates":[[-88.897726,17.860893],[-88.897809,17.860822]]}},{"type":"Feature","properties":{"site":"Blue Creek Central Precinct","t":"line"},"geometry":{"type":"LineString","coordinates":[[-88.897809,17.860822],[-88.897913,17.860926]]}},{"type":"Feature","properties":{"site":"Blue Creek Central Precinct","t":"line"},"geometry":{"type":"LineString","coordinates":[[-88.897913,17.860926],[-88.897883,17.860926]]}},{"type":"Feature","properties":{"site":"Blue Creek Central Precinct","t":"line"},"geometry":{"type":"LineString","coordinates":[[-88.897883,17.860926],[-88.897835,17.860984]]}},{"type":"Feature","properties":{"site":"Blue Creek Central Precinct","t":"line"},"geometry":{"type":"LineString","coordinates":[[-88.897835,17.860984],[-88.89775,17.860892]]}},{"type":"Feature","properties":{"site":"Blue Creek Central Precinct","t":"line"},"geometry":{"type":"LineString","coordinates":[[-88.89775,17.860892],[-88.89781,17.860851]]}},{"type":"Feature","properties":{"site":"Blue Creek Central Precinct","t":"line"},"geometry":{"type":"LineString","coordinates":[[-88.89781,17.860851],[-88.897883,17.860926]]}},{"type":"Feature","properties":{"site":"Blue Creek Central Precinct","t":"line"},"geometry":{"type":"LineString","coordinates":[[-88.897809,17.860822],[-88.89781,17.860851]]}},{"type":"Feature","properties":{"site":"Blue Creek Central Precinct","t":"line"},"geometry":{"type":"LineString","coordinates":[[-88.89775,17.860892],[-88.897726,17.860893]]}},{"type":"Feature","properties":{"site":"Blue Creek Central Precinct","t":"line"},"geometry":{"type":"LineString","coordinates":[[-88.897835,17.860984],[-88.897829,17.861002]]}},{"type":"Feature","properties":{"site":"Blue Creek Central Precinct","t":"line"},"geometry":{"type":"LineString","coordinates":[[-88.89783,17.861019],[-88.897818,17.861054]]}},{"type":"Feature","properties":{"site":"Blue Creek Central Precinct","t":"line"},"geometry":{"type":"LineString","coordinates":[[-88.897818,17.861054],[-88.897818,17.861065]]}},{"type":"Feature","properties":{"site":"Blue Creek Central Precinct","t":"line"},"geometry":{"type":"LineString","coordinates":[[-88.897818,17.861065],[-88.897806,17.8611]]}},{"type":"Feature","properties":{"site":"Blue Creek Central Precinct","t":"line"},"geometry":{"type":"LineString","coordinates":[[-88.897806,17.8611],[-88.897613,17.861056]]}},{"type":"Feature","properties":{"site":"Blue Creek Central Precinct","t":"line"},"geometry":{"type":"LineString","coordinates":[[-88.897613,17.861056],[-88.897624,17.861021]]}},{"type":"Feature","properties":{"site":"Blue Creek Central Precinct","t":"line"},"geometry":{"type":"LineString","coordinates":[[-88.897624,17.861021],[-88.897648,17.861003]]}},{"type":"Feature","properties":{"site":"Blue Creek Central Precinct","t":"line"},"geometry":{"type":"LineString","coordinates":[[-88.897648,17.861003],[-88.897637,17.861044]]}},{"type":"Feature","properties":{"site":"Blue Creek Central Precinct","t":"line"},"geometry":{"type":"LineString","coordinates":[[-88.897637,17.861044],[-88.897703,17.861061]]}},{"type":"Feature","properties":{"site":"Blue Creek Central Precinct","t":"line"},"geometry":{"type":"LineString","coordinates":[[-88.897703,17.861061],[-88.897733,17.860991]]}},{"type":"Feature","properties":{"site":"Blue Creek Central Precinct","t":"line"},"geometry":{"type":"LineString","coordinates":[[-88.897733,17.860991],[-88.89783,17.861019]]}},{"type":"Feature","properties":{"site":"Blue Creek Central Precinct","t":"line"},"geometry":{"type":"LineString","coordinates":[[-88.89783,17.861019],[-88.897806,17.861031]]}},{"type":"Feature","properties":{"site":"Blue Creek Central Precinct","t":"line"},"geometry":{"type":"LineString","coordinates":[[-88.897806,17.861031],[-88.897739,17.861002]]}},{"type":"Feature","properties":{"site":"Blue Creek Central Precinct","t":"line"},"geometry":{"type":"LineString","coordinates":[[-88.897739,17.861002],[-88.897733,17.861055]]}},{"type":"Feature","properties":{"site":"Blue Creek Central Precinct","t":"line"},"geometry":{"type":"LineString","coordinates":[[-88.897733,17.861055],[-88.8978,17.861065]]}},{"type":"Feature","properties":{"site":"Blue Creek Central Precinct","t":"line"},"geometry":{"type":"LineString","coordinates":[[-88.8978,17.861065],[-88.897806,17.861031]]}},{"type":"Feature","properties":{"site":"Blue Creek Central Precinct","t":"line"},"geometry":{"type":"LineString","coordinates":[[-88.897733,17.861055],[-88.897703,17.861061]]}},{"type":"Feature","properties":{"site":"Blue Creek Central Precinct","t":"line"},"geometry":{"type":"LineString","coordinates":[[-88.897733,17.860991],[-88.897739,17.861002]]}},{"type":"Feature","properties":{"site":"Blue Creek Central Precinct","t":"line"},"geometry":{"type":"LineString","coordinates":[[-88.8978,17.861065],[-88.897806,17.8611]]}},{"type":"Feature","properties":{"site":"Blue Creek Central Precinct","t":"line"},"geometry":{"type":"LineString","coordinates":[[-88.897353,17.86277],[-88.897379,17.862955]]}},{"type":"Feature","properties":{"site":"Blue Creek Central Precinct","t":"line"},"geometry":{"type":"LineString","coordinates":[[-88.897379,17.862955],[-88.897289,17.862961]]}},{"type":"Feature","properties":{"site":"Blue Creek Central Precinct","t":"line"},"geometry":{"type":"LineString","coordinates":[[-88.897289,17.862961],[-88.897283,17.862961]]}},{"type":"Feature","properties":{"site":"Blue Creek Central Precinct","t":"line"},"geometry":{"type":"LineString","coordinates":[[-88.897283,17.862961],[-88.897289,17.862984]]}},{"type":"Feature","properties":{"site":"Blue Creek Central Precinct","t":"line"},"geometry":{"type":"LineString","coordinates":[[-88.897289,17.862984],[-88.897253,17.862985]]}},{"type":"Feature","properties":{"site":"Blue Creek Central Precinct","t":"line"},"geometry":{"type":"LineString","coordinates":[[-88.897253,17.862985],[-88.897214,17.862788]]}},{"type":"Feature","properties":{"site":"Blue Creek Central Precinct","t":"line"},"geometry":{"type":"LineString","coordinates":[[-88.897214,17.862788],[-88.897353,17.86277]]}},{"type":"Feature","properties":{"site":"Blue Creek Central Precinct","t":"line"},"geometry":{"type":"LineString","coordinates":[[-88.897353,17.86277],[-88.897341,17.862787]]}},{"type":"Feature","properties":{"site":"Blue Creek Central Precinct","t":"line"},"geometry":{"type":"LineString","coordinates":[[-88.897341,17.862787],[-88.897227,17.8628]]}},{"type":"Feature","properties":{"site":"Blue Creek Central Precinct","t":"line"},"geometry":{"type":"LineString","coordinates":[[-88.897227,17.8628],[-88.897246,17.862875]]}},{"type":"Feature","properties":{"site":"Blue Creek Central Precinct","t":"line"},"geometry":{"type":"LineString","coordinates":[[-88.897246,17.862875],[-88.897252,17.862875]]}},{"type":"Feature","properties":{"site":"Blue Creek Central Precinct","t":"line"},"geometry":{"type":"LineString","coordinates":[[-88.897252,17.862875],[-88.897258,17.862863]]}},{"type":"Feature","properties":{"site":"Blue Creek Central Precinct","t":"line"},"geometry":{"type":"LineString","coordinates":[[-88.897258,17.862863],[-88.897251,17.862823]]}},{"type":"Feature","properties":{"site":"Blue Creek Central Precinct","t":"line"},"geometry":{"type":"LineString","coordinates":[[-88.897251,17.862823],[-88.897311,17.862811]]}},{"type":"Feature","properties":{"site":"Blue Creek Central Precinct","t":"line"},"geometry":{"type":"LineString","coordinates":[[-88.897311,17.862811],[-88.897318,17.862863]]}},{"type":"Feature","properties":{"site":"Blue Creek Central Precinct","t":"line"},"geometry":{"type":"LineString","coordinates":[[-88.897318,17.862863],[-88.897258,17.862863]]}},{"type":"Feature","properties":{"site":"Blue Creek Central Precinct","t":"line"},"geometry":{"type":"LineString","coordinates":[[-88.897318,17.862863],[-88.897324,17.862863]]}},{"type":"Feature","properties":{"site":"Blue Creek Central Precinct","t":"line"},"geometry":{"type":"LineString","coordinates":[[-88.897324,17.862863],[-88.897348,17.862862]]}},{"type":"Feature","properties":{"site":"Blue Creek Central Precinct","t":"line"},"geometry":{"type":"LineString","coordinates":[[-88.897348,17.862862],[-88.897341,17.862787]]}},{"type":"Feature","properties":{"site":"Blue Creek Central Precinct","t":"line"},"geometry":{"type":"LineString","coordinates":[[-88.897324,17.862863],[-88.897317,17.862805]]}},{"type":"Feature","properties":{"site":"Blue Creek Central Precinct","t":"line"},"geometry":{"type":"LineString","coordinates":[[-88.897317,17.862805],[-88.897251,17.862811]]}},{"type":"Feature","properties":{"site":"Blue Creek Central Precinct","t":"line"},"geometry":{"type":"LineString","coordinates":[[-88.897251,17.862811],[-88.897252,17.862875]]}},{"type":"Feature","properties":{"site":"Blue Creek Central Precinct","t":"line"},"geometry":{"type":"LineString","coordinates":[[-88.897251,17.862811],[-88.897251,17.862823]]}},{"type":"Feature","properties":{"site":"Blue Creek Central Precinct","t":"line"},"geometry":{"type":"LineString","coordinates":[[-88.897317,17.862805],[-88.897311,17.862811]]}},{"type":"Feature","properties":{"site":"Blue Creek Central Precinct","t":"line"},"geometry":{"type":"LineString","coordinates":[[-88.897348,17.862862],[-88.89733,17.862886]]}},{"type":"Feature","properties":{"site":"Blue Creek Central Precinct","t":"line"},"geometry":{"type":"LineString","coordinates":[[-88.89733,17.862886],[-88.897348,17.862897]]}},{"type":"Feature","properties":{"site":"Blue Creek Central Precinct","t":"line"},"geometry":{"type":"LineString","coordinates":[[-88.897348,17.862897],[-88.897264,17.862909]]}},{"type":"Feature","properties":{"site":"Blue Creek Central Precinct","t":"line"},"geometry":{"type":"LineString","coordinates":[[-88.897264,17.862909],[-88.897258,17.862909]]}},{"type":"Feature","properties":{"site":"Blue Creek Central Precinct","t":"line"},"geometry":{"type":"LineString","coordinates":[[-88.897258,17.862909],[-88.897264,17.862892]]}},{"type":"Feature","properties":{"site":"Blue Creek Central Precinct","t":"line"},"geometry":{"type":"LineString","coordinates":[[-88.897264,17.862892],[-88.897252,17.862875]]}},{"type":"Feature","properties":{"site":"Blue Creek Central Precinct","t":"line"},"geometry":{"type":"LineString","coordinates":[[-88.897264,17.862892],[-88.89733,17.862886]]}},{"type":"Feature","properties":{"site":"Blue Creek Central Precinct","t":"line"},"geometry":{"type":"LineString","coordinates":[[-88.897348,17.862897],[-88.897355,17.862932]]}},{"type":"Feature","properties":{"site":"Blue Creek Central Precinct","t":"line"},"geometry":{"type":"LineString","coordinates":[[-88.897355,17.862932],[-88.897276,17.862938]]}},{"type":"Feature","properties":{"site":"Blue Creek Central Precinct","t":"line"},"geometry":{"type":"LineString","coordinates":[[-88.897276,17.862938],[-88.897264,17.862909]]}},{"type":"Feature","properties":{"site":"Blue Creek Central Precinct","t":"line"},"geometry":{"type":"LineString","coordinates":[[-88.897276,17.862938],[-88.897289,17.862961]]}},{"type":"Feature","properties":{"site":"Blue Creek Central Precinct","t":"line"},"geometry":{"type":"LineString","coordinates":[[-88.897355,17.862932],[-88.897379,17.862955]]}},{"type":"Feature","properties":{"site":"Blue Creek Central Precinct","t":"line"},"geometry":{"type":"LineString","coordinates":[[-88.897258,17.862909],[-88.897246,17.86291]]}},{"type":"Feature","properties":{"site":"Blue Creek Central Precinct","t":"line"},"geometry":{"type":"LineString","coordinates":[[-88.897246,17.86291],[-88.897253,17.862967]]}},{"type":"Feature","properties":{"site":"Blue Creek Central Precinct","t":"line"},"geometry":{"type":"LineString","coordinates":[[-88.897253,17.862967],[-88.897265,17.862967]]}},{"type":"Feature","properties":{"site":"Blue Creek Central Precinct","t":"line"},"geometry":{"type":"LineString","coordinates":[[-88.897265,17.862967],[-88.897258,17.862909]]}},{"type":"Feature","properties":{"site":"Blue Creek Central Precinct","t":"line"},"geometry":{"type":"LineString","coordinates":[[-88.897253,17.862967],[-88.897253,17.862985]]}},{"type":"Feature","properties":{"site":"Blue Creek Central Precinct","t":"line"},"geometry":{"type":"LineString","coordinates":[[-88.897265,17.862967],[-88.897289,17.862984]]}},{"type":"Feature","properties":{"site":"Blue Creek Central Precinct","t":"line"},"geometry":{"type":"LineString","coordinates":[[-88.89719,17.862742],[-88.897172,17.862766]]}},{"type":"Feature","properties":{"site":"Blue Creek Central Precinct","t":"line"},"geometry":{"type":"LineString","coordinates":[[-88.897172,17.862766],[-88.897147,17.862737]]}},{"type":"Feature","properties":{"site":"Blue Creek Central Precinct","t":"line"},"geometry":{"type":"LineString","coordinates":[[-88.897147,17.862737],[-88.897172,17.862725]]}},{"type":"Feature","properties":{"site":"Blue Creek Central Precinct","t":"line"},"geometry":{"type":"LineString","coordinates":[[-88.897172,17.862725],[-88.89719,17.862742]]}},{"type":"Feature","properties":{"site":"Blue Creek Central Precinct","t":"line"},"geometry":{"type":"LineString","coordinates":[[-88.89719,17.862742],[-88.897178,17.862748]]}},{"type":"Feature","properties":{"site":"Blue Creek Central Precinct","t":"line"},"geometry":{"type":"LineString","coordinates":[[-88.897178,17.862748],[-88.89716,17.862737]]}},{"type":"Feature","properties":{"site":"Blue Creek Central Precinct","t":"line"},"geometry":{"type":"LineString","coordinates":[[-88.89716,17.862737],[-88.897172,17.862725]]}},{"type":"Feature","properties":{"site":"Blue Creek Central Precinct","t":"line"},"geometry":{"type":"LineString","coordinates":[[-88.89716,17.862737],[-88.897147,17.862737]]}},{"type":"Feature","properties":{"site":"Blue Creek Central Precinct","t":"line"},"geometry":{"type":"LineString","coordinates":[[-88.897178,17.862748],[-88.897172,17.862766]]}},{"type":"Feature","properties":{"site":"Blue Creek Central Precinct","t":"line"},"geometry":{"type":"LineString","coordinates":[[-88.897317,17.86336],[-88.897281,17.86336]]}},{"type":"Feature","properties":{"site":"Blue Creek Central Precinct","t":"line"},"geometry":{"type":"LineString","coordinates":[[-88.897281,17.86336],[-88.897272,17.863644]]}},{"type":"Feature","properties":{"site":"Blue Creek Central Precinct","t":"line"},"geometry":{"type":"LineString","coordinates":[[-88.897272,17.863644],[-88.897441,17.863648]]}},{"type":"Feature","properties":{"site":"Blue Creek Central Precinct","t":"line"},"geometry":{"type":"LineString","coordinates":[[-88.897441,17.863648],[-88.89744,17.863578]]}},{"type":"Feature","properties":{"site":"Blue Creek Central Precinct","t":"line"},"geometry":{"type":"LineString","coordinates":[[-88.89744,17.863578],[-88.897398,17.863579]]}},{"type":"Feature","properties":{"site":"Blue Creek Central Precinct","t":"line"},"geometry":{"type":"LineString","coordinates":[[-88.897398,17.863579],[-88.897398,17.863602]]}},{"type":"Feature","properties":{"site":"Blue Creek Central Precinct","t":"line"},"geometry":{"type":"LineString","coordinates":[[-88.897398,17.863602],[-88.897368,17.863602]]}},{"type":"Feature","properties":{"site":"Blue Creek Central Precinct","t":"line"},"geometry":{"type":"LineString","coordinates":[[-88.897368,17.863602],[-88.897362,17.863614]]}},{"type":"Feature","properties":{"site":"Blue Creek Central Precinct","t":"line"},"geometry":{"type":"LineString","coordinates":[[-88.897362,17.863614],[-88.897308,17.863614]]}},{"type":"Feature","properties":{"site":"Blue Creek Central Precinct","t":"line"},"geometry":{"type":"LineString","coordinates":[[-88.897308,17.863614],[-88.897317,17.86336]]}},{"type":"Feature","properties":{"site":"Blue Creek Central Precinct","t":"line"},"geometry":{"type":"LineString","coordinates":[[-88.897317,17.86336],[-88.897299,17.863377]]}},{"type":"Feature","properties":{"site":"Blue Creek Central Precinct","t":"line"},"geometry":{"type":"LineString","coordinates":[[-88.897299,17.863377],[-88.897296,17.863609]]}},{"type":"Feature","properties":{"site":"Blue Creek Central Precinct","t":"line"},"geometry":{"type":"LineString","coordinates":[[-88.897296,17.863609],[-88.897308,17.863614]]}},{"type":"Feature","properties":{"site":"Blue Creek Central Precinct","t":"line"},"geometry":{"type":"LineString","coordinates":[[-88.897281,17.86336],[-88.897299,17.863377]]}},{"type":"Feature","properties":{"site":"Blue Creek Central Precinct","t":"line"},"geometry":{"type":"LineString","coordinates":[[-88.897296,17.863609],[-88.89729,17.863632]]}},{"type":"Feature","properties":{"site":"Blue Creek Central Precinct","t":"line"},"geometry":{"type":"LineString","coordinates":[[-88.89729,17.863632],[-88.89729,17.863638]]}},{"type":"Feature","properties":{"site":"Blue Creek Central Precinct","t":"line"},"geometry":{"type":"LineString","coordinates":[[-88.89729,17.863638],[-88.897272,17.863644]]}},{"type":"Feature","properties":{"site":"Blue Creek Central Precinct","t":"line"},"geometry":{"type":"LineString","coordinates":[[-88.89729,17.863638],[-88.897368,17.863637]]}},{"type":"Feature","properties":{"site":"Blue Creek Central Precinct","t":"line"},"geometry":{"type":"LineString","coordinates":[[-88.897368,17.863637],[-88.897368,17.863631]]}},{"type":"Feature","properties":{"site":"Blue Creek Central Precinct","t":"line"},"geometry":{"type":"LineString","coordinates":[[-88.897368,17.863631],[-88.89729,17.863632]]}},{"type":"Feature","properties":{"site":"Blue Creek Central Precinct","t":"line"},"geometry":{"type":"LineString","coordinates":[[-88.897362,17.863614],[-88.897368,17.863631]]}},{"type":"Feature","properties":{"site":"Blue Creek Central Precinct","t":"line"},"geometry":{"type":"LineString","coordinates":[[-88.897368,17.863631],[-88.897386,17.863614]]}},{"type":"Feature","properties":{"site":"Blue Creek Central Precinct","t":"line"},"geometry":{"type":"LineString","coordinates":[[-88.897386,17.863614],[-88.897368,17.863602]]}},{"type":"Feature","properties":{"site":"Blue Creek Central Precinct","t":"line"},"geometry":{"type":"LineString","coordinates":[[-88.897386,17.863614],[-88.897423,17.863625]]}},{"type":"Feature","properties":{"site":"Blue Creek Central Precinct","t":"line"},"geometry":{"type":"LineString","coordinates":[[-88.897423,17.863625],[-88.897422,17.863596]]}},{"type":"Feature","properties":{"site":"Blue Creek Central Precinct","t":"line"},"geometry":{"type":"LineString","coordinates":[[-88.897422,17.863596],[-88.89744,17.863578]]}},{"type":"Feature","properties":{"site":"Blue Creek Central Precinct","t":"line"},"geometry":{"type":"LineString","coordinates":[[-88.897398,17.863579],[-88.897422,17.863596]]}},{"type":"Feature","properties":{"site":"Blue Creek Central Precinct","t":"line"},"geometry":{"type":"LineString","coordinates":[[-88.897498,17.86337],[-88.897329,17.86336]]}},{"type":"Feature","properties":{"site":"Blue Creek Central Precinct","t":"line"},"geometry":{"type":"LineString","coordinates":[[-88.897329,17.86336],[-88.89733,17.863423]]}},{"type":"Feature","properties":{"site":"Blue Creek Central Precinct","t":"line"},"geometry":{"type":"LineString","coordinates":[[-88.89733,17.863423],[-88.89739,17.863434]]}},{"type":"Feature","properties":{"site":"Blue Creek Central Precinct","t":"line"},"geometry":{"type":"LineString","coordinates":[[-88.89739,17.863434],[-88.897385,17.863533]]}},{"type":"Feature","properties":{"site":"Blue Creek Central Precinct","t":"line"},"geometry":{"type":"LineString","coordinates":[[-88.897385,17.863533],[-88.897494,17.863537]]}},{"type":"Feature","properties":{"site":"Blue Creek Central Precinct","t":"line"},"geometry":{"type":"LineString","coordinates":[[-88.897494,17.863537],[-88.897498,17.86337]]}},{"type":"Feature","properties":{"site":"Blue Creek Central Precinct","t":"line"},"geometry":{"type":"LineString","coordinates":[[-88.897498,17.86337],[-88.897486,17.863381]]}},{"type":"Feature","properties":{"site":"Blue Creek Central Precinct","t":"line"},"geometry":{"type":"LineString","coordinates":[[-88.897486,17.863381],[-88.897384,17.863382]]}},{"type":"Feature","properties":{"site":"Blue Creek Central Precinct","t":"line"},"geometry":{"type":"LineString","coordinates":[[-88.897384,17.863382],[-88.897384,17.863423]]}},{"type":"Feature","properties":{"site":"Blue Creek Central Precinct","t":"line"},"geometry":{"type":"LineString","coordinates":[[-88.897384,17.863423],[-88.897396,17.863423]]}},{"type":"Feature","properties":{"site":"Blue Creek Central Precinct","t":"line"},"geometry":{"type":"LineString","coordinates":[[-88.897396,17.863423],[-88.897397,17.863527]]}},{"type":"Feature","properties":{"site":"Blue Creek Central Precinct","t":"line"},"geometry":{"type":"LineString","coordinates":[[-88.897397,17.863527],[-88.897422,17.863527]]}},{"type":"Feature","properties":{"site":"Blue Creek Central Precinct","t":"line"},"geometry":{"type":"LineString","coordinates":[[-88.897422,17.863527],[-88.897421,17.863475]]}},{"type":"Feature","properties":{"site":"Blue Creek Central Precinct","t":"line"},"geometry":{"type":"LineString","coordinates":[[-88.897421,17.863475],[-88.89742,17.863422]]}},{"type":"Feature","properties":{"site":"Blue Creek Central Precinct","t":"line"},"geometry":{"type":"LineString","coordinates":[[-88.89742,17.863422],[-88.897487,17.863422]]}},{"type":"Feature","properties":{"site":"Blue Creek Central Precinct","t":"line"},"geometry":{"type":"LineString","coordinates":[[-88.897487,17.863422],[-88.897486,17.863381]]}},{"type":"Feature","properties":{"site":"Blue Creek Central Precinct","t":"line"},"geometry":{"type":"LineString","coordinates":[[-88.897487,17.863422],[-88.897463,17.863451]]}},{"type":"Feature","properties":{"site":"Blue Creek Central Precinct","t":"line"},"geometry":{"type":"LineString","coordinates":[[-88.897463,17.863451],[-88.897475,17.863474]]}},{"type":"Feature","properties":{"site":"Blue Creek Central Precinct","t":"line"},"geometry":{"type":"LineString","coordinates":[[-88.897475,17.863474],[-88.897463,17.863497]]}},{"type":"Feature","properties":{"site":"Blue Creek Central Precinct","t":"line"},"geometry":{"type":"LineString","coordinates":[[-88.897463,17.863497],[-88.897494,17.863537]]}},{"type":"Feature","properties":{"site":"Blue Creek Central Precinct","t":"line"},"geometry":{"type":"LineString","coordinates":[[-88.897463,17.863497],[-88.897433,17.863498]]}},{"type":"Feature","properties":{"site":"Blue Creek Central Precinct","t":"line"},"geometry":{"type":"LineString","coordinates":[[-88.897433,17.863498],[-88.897422,17.863527]]}},{"type":"Feature","properties":{"site":"Blue Creek Central Precinct","t":"line"},"geometry":{"type":"LineString","coordinates":[[-88.897421,17.863475],[-88.897433,17.863498]]}},{"type":"Feature","properties":{"site":"Blue Creek Central Precinct","t":"line"},"geometry":{"type":"LineString","coordinates":[[-88.897475,17.863474],[-88.897421,17.863475]]}},{"type":"Feature","properties":{"site":"Blue Creek Central Precinct","t":"line"},"geometry":{"type":"LineString","coordinates":[[-88.897421,17.863475],[-88.897433,17.863446]]}},{"type":"Feature","properties":{"site":"Blue Creek Central Precinct","t":"line"},"geometry":{"type":"LineString","coordinates":[[-88.897433,17.863446],[-88.89742,17.863422]]}},{"type":"Feature","properties":{"site":"Blue Creek Central Precinct","t":"line"},"geometry":{"type":"LineString","coordinates":[[-88.897433,17.863446],[-88.897463,17.863451]]}},{"type":"Feature","properties":{"site":"Blue Creek Central Precinct","t":"line"},"geometry":{"type":"LineString","coordinates":[[-88.897397,17.863527],[-88.897385,17.863533]]}},{"type":"Feature","properties":{"site":"Blue Creek Central Precinct","t":"line"},"geometry":{"type":"LineString","coordinates":[[-88.897396,17.863423],[-88.89739,17.863434]]}},{"type":"Feature","properties":{"site":"Blue Creek Central Precinct","t":"line"},"geometry":{"type":"LineString","coordinates":[[-88.897384,17.863423],[-88.897354,17.863417]]}},{"type":"Feature","properties":{"site":"Blue Creek Central Precinct","t":"line"},"geometry":{"type":"LineString","coordinates":[[-88.897354,17.863417],[-88.89733,17.863423]]}},{"type":"Feature","properties":{"site":"Blue Creek Central Precinct","t":"line"},"geometry":{"type":"LineString","coordinates":[[-88.897329,17.86336],[-88.897354,17.863383]]}},{"type":"Feature","properties":{"site":"Blue Creek Central Precinct","t":"line"},"geometry":{"type":"LineString","coordinates":[[-88.897354,17.863383],[-88.897354,17.863417]]}},{"type":"Feature","properties":{"site":"Blue Creek Central Precinct","t":"line"},"geometry":{"type":"LineString","coordinates":[[-88.897384,17.863382],[-88.897354,17.863383]]}},{"type":"Feature","properties":{"site":"Blue Creek Central Precinct","t":"line"},"geometry":{"type":"LineString","coordinates":[[-88.896142,17.860139],[-88.895586,17.860104]]}},{"type":"Feature","properties":{"site":"Blue Creek Central Precinct","t":"line"},"geometry":{"type":"LineString","coordinates":[[-88.895586,17.860104],[-88.895472,17.86018]]}},{"type":"Feature","properties":{"site":"Blue Creek Central Precinct","t":"line"},"geometry":{"type":"LineString","coordinates":[[-88.895472,17.86018],[-88.895346,17.860274]]}},{"type":"Feature","properties":{"site":"Blue Creek Central Precinct","t":"line"},"geometry":{"type":"LineString","coordinates":[[-88.895346,17.860274],[-88.895286,17.860327]]}},{"type":"Feature","properties":{"site":"Blue Creek Central Precinct","t":"line"},"geometry":{"type":"LineString","coordinates":[[-88.895286,17.860327],[-88.895274,17.86035]]}},{"type":"Feature","properties":{"site":"Blue Creek Central Precinct","t":"line"},"geometry":{"type":"LineString","coordinates":[[-88.895274,17.86035],[-88.895251,17.860431]]}},{"type":"Feature","properties":{"site":"Blue Creek Central Precinct","t":"line"},"geometry":{"type":"LineString","coordinates":[[-88.895251,17.860431],[-88.895234,17.860535]]}},{"type":"Feature","properties":{"site":"Blue Creek Central Precinct","t":"line"},"geometry":{"type":"LineString","coordinates":[[-88.895234,17.860535],[-88.895223,17.860576]]}},{"type":"Feature","properties":{"site":"Blue Creek Central Precinct","t":"line"},"geometry":{"type":"LineString","coordinates":[[-88.895223,17.860576],[-88.895187,17.860651]]}},{"type":"Feature","properties":{"site":"Blue Creek Central Precinct","t":"line"},"geometry":{"type":"LineString","coordinates":[[-88.896136,17.860168],[-88.895623,17.860144]]}},{"type":"Feature","properties":{"site":"Blue Creek Central Precinct","t":"line"},"geometry":{"type":"LineString","coordinates":[[-88.895623,17.860144],[-88.895532,17.860174]]}},{"type":"Feature","properties":{"site":"Blue Creek Central Precinct","t":"line"},"geometry":{"type":"LineString","coordinates":[[-88.895532,17.860174],[-88.895322,17.860309]]}},{"type":"Feature","properties":{"site":"Blue Creek Central Precinct","t":"line"},"geometry":{"type":"LineString","coordinates":[[-88.895322,17.860309],[-88.895305,17.86035]]}},{"type":"Feature","properties":{"site":"Blue Creek Central Precinct","t":"line"},"geometry":{"type":"LineString","coordinates":[[-88.895305,17.86035],[-88.895287,17.860402]]}},{"type":"Feature","properties":{"site":"Blue Creek Central Precinct","t":"line"},"geometry":{"type":"LineString","coordinates":[[-88.895287,17.860402],[-88.895276,17.860471]]}},{"type":"Feature","properties":{"site":"Blue Creek Central Precinct","t":"line"},"geometry":{"type":"LineString","coordinates":[[-88.895276,17.860471],[-88.895252,17.860535]]}},{"type":"Feature","properties":{"site":"Blue Creek Central Precinct","t":"line"},"geometry":{"type":"LineString","coordinates":[[-88.895252,17.860535],[-88.895253,17.860593]]}},{"type":"Feature","properties":{"site":"Blue Creek Central Precinct","t":"line"},"geometry":{"type":"LineString","coordinates":[[-88.89609,17.859775],[-88.895921,17.859789]]}},{"type":"Feature","properties":{"site":"Blue Creek Central Precinct","t":"line"},"geometry":{"type":"LineString","coordinates":[[-88.895921,17.859789],[-88.895905,17.859985]]}},{"type":"Feature","properties":{"site":"Blue Creek Central Precinct","t":"line"},"geometry":{"type":"LineString","coordinates":[[-88.895905,17.859985],[-88.895937,17.860164]]}},{"type":"Feature","properties":{"site":"Blue Creek Central Precinct","t":"line"},"geometry":{"type":"LineString","coordinates":[[-88.895937,17.860164],[-88.896017,17.860366]]}},{"type":"Feature","properties":{"site":"Blue Creek Central Precinct","t":"line"},"geometry":{"type":"LineString","coordinates":[[-88.896017,17.860366],[-88.896006,17.860389]]}},{"type":"Feature","properties":{"site":"Blue Creek Central Precinct","t":"line"},"geometry":{"type":"LineString","coordinates":[[-88.896006,17.860389],[-88.895874,17.85998]]}},{"type":"Feature","properties":{"site":"Blue Creek Central Precinct","t":"line"},"geometry":{"type":"LineString","coordinates":[[-88.895874,17.85998],[-88.895896,17.85976]]}},{"type":"Feature","properties":{"site":"Blue Creek Central Precinct","t":"line"},"geometry":{"type":"LineString","coordinates":[[-88.895896,17.85976],[-88.89609,17.859775]]}},{"type":"Feature","properties":{"site":"Blue Creek Central Precinct","t":"line"},"geometry":{"type":"LineString","coordinates":[[-88.895896,17.85976],[-88.895921,17.859789]]}},{"type":"Feature","properties":{"site":"Blue Creek Central Precinct","t":"line"},"geometry":{"type":"LineString","coordinates":[[-88.895879,17.860384],[-88.895842,17.860356]]}},{"type":"Feature","properties":{"site":"Blue Creek Central Precinct","t":"line"},"geometry":{"type":"LineString","coordinates":[[-88.895842,17.860356],[-88.89581,17.86016]]}},{"type":"Feature","properties":{"site":"Blue Creek Central Precinct","t":"line"},"geometry":{"type":"LineString","coordinates":[[-88.89581,17.86016],[-88.895791,17.860108]]}},{"type":"Feature","properties":{"site":"Blue Creek Central Precinct","t":"line"},"geometry":{"type":"LineString","coordinates":[[-88.895791,17.860108],[-88.895742,17.859987]]}},{"type":"Feature","properties":{"site":"Blue Creek Central Precinct","t":"line"},"geometry":{"type":"LineString","coordinates":[[-88.895742,17.859987],[-88.895518,17.859972]]}},{"type":"Feature","properties":{"site":"Blue Creek Central Precinct","t":"line"},"geometry":{"type":"LineString","coordinates":[[-88.895518,17.859972],[-88.895517,17.859914]]}},{"type":"Feature","properties":{"site":"Blue Creek Central Precinct","t":"line"},"geometry":{"type":"LineString","coordinates":[[-88.895517,17.859914],[-88.895547,17.859885]]}},{"type":"Feature","properties":{"site":"Blue Creek Central Precinct","t":"line"},"geometry":{"type":"LineString","coordinates":[[-88.895547,17.859885],[-88.895548,17.859954]]}},{"type":"Feature","properties":{"site":"Blue Creek Central Precinct","t":"line"},"geometry":{"type":"LineString","coordinates":[[-88.895548,17.859954],[-88.895754,17.859975]]}},{"type":"Feature","properties":{"site":"Blue Creek Central Precinct","t":"line"},"geometry":{"type":"LineString","coordinates":[[-88.895754,17.859975],[-88.895879,17.860384]]}},{"type":"Feature","properties":{"site":"Blue Creek Central Precinct","t":"line"},"geometry":{"type":"LineString","coordinates":[[-88.895548,17.859954],[-88.895518,17.859972]]}},{"type":"Feature","properties":{"site":"Blue Creek Central Precinct","t":"line"},"geometry":{"type":"LineString","coordinates":[[-88.895517,17.859914],[-88.895433,17.859915]]}},{"type":"Feature","properties":{"site":"Blue Creek Central Precinct","t":"line"},"geometry":{"type":"LineString","coordinates":[[-88.895433,17.859915],[-88.895379,17.859938]]}},{"type":"Feature","properties":{"site":"Blue Creek Central Precinct","t":"line"},"geometry":{"type":"LineString","coordinates":[[-88.895379,17.859938],[-88.895375,17.859586]]}},{"type":"Feature","properties":{"site":"Blue Creek Central Precinct","t":"line"},"geometry":{"type":"LineString","coordinates":[[-88.895375,17.859586],[-88.89543,17.859608]]}},{"type":"Feature","properties":{"site":"Blue Creek Central Precinct","t":"line"},"geometry":{"type":"LineString","coordinates":[[-88.89543,17.859608],[-88.895562,17.859607]]}},{"type":"Feature","properties":{"site":"Blue Creek Central Precinct","t":"line"},"geometry":{"type":"LineString","coordinates":[[-88.895562,17.859607],[-88.895562,17.859526]]}},{"type":"Feature","properties":{"site":"Blue Creek Central Precinct","t":"line"},"geometry":{"type":"LineString","coordinates":[[-88.895562,17.859526],[-88.895936,17.85954]]}},{"type":"Feature","properties":{"site":"Blue Creek Central Precinct","t":"line"},"geometry":{"type":"LineString","coordinates":[[-88.895936,17.85954],[-88.895937,17.859615]]}},{"type":"Feature","properties":{"site":"Blue Creek Central Precinct","t":"line"},"geometry":{"type":"LineString","coordinates":[[-88.895937,17.859615],[-88.896107,17.859665]]}},{"type":"Feature","properties":{"site":"Blue Creek Central Precinct","t":"line"},"geometry":{"type":"LineString","coordinates":[[-88.896107,17.859665],[-88.895907,17.85965]]}},{"type":"Feature","properties":{"site":"Blue Creek Central Precinct","t":"line"},"geometry":{"type":"LineString","coordinates":[[-88.895907,17.85965],[-88.895906,17.859569]]}},{"type":"Feature","properties":{"site":"Blue Creek Central Precinct","t":"line"},"geometry":{"type":"LineString","coordinates":[[-88.895906,17.859569],[-88.89558,17.859543]]}},{"type":"Feature","properties":{"site":"Blue Creek Central Precinct","t":"line"},"geometry":{"type":"LineString","coordinates":[[-88.89558,17.859543],[-88.895581,17.859659]]}},{"type":"Feature","properties":{"site":"Blue Creek Central Precinct","t":"line"},"geometry":{"type":"LineString","coordinates":[[-88.895581,17.859659],[-88.895562,17.859607]]}},{"type":"Feature","properties":{"site":"Blue Creek Central Precinct","t":"line"},"geometry":{"type":"LineString","coordinates":[[-88.895562,17.859526],[-88.89558,17.859543]]}},{"type":"Feature","properties":{"site":"Blue Creek Central Precinct","t":"line"},"geometry":{"type":"LineString","coordinates":[[-88.895936,17.85954],[-88.895906,17.859569]]}},{"type":"Feature","properties":{"site":"Blue Creek Central Precinct","t":"line"},"geometry":{"type":"LineString","coordinates":[[-88.895937,17.859615],[-88.895907,17.85965]]}},{"type":"Feature","properties":{"site":"Blue Creek Central Precinct","t":"line"},"geometry":{"type":"LineString","coordinates":[[-88.895581,17.859659],[-88.895732,17.859657]]}},{"type":"Feature","properties":{"site":"Blue Creek Central Precinct","t":"line"},"geometry":{"type":"LineString","coordinates":[[-88.895732,17.859657],[-88.895734,17.859877]]}},{"type":"Feature","properties":{"site":"Blue Creek Central Precinct","t":"line"},"geometry":{"type":"LineString","coordinates":[[-88.895734,17.859877],[-88.895547,17.859885]]}},{"type":"Feature","properties":{"site":"Blue Creek Central Precinct","t":"line"},"geometry":{"type":"LineString","coordinates":[[-88.895734,17.859877],[-88.895637,17.859809]]}},{"type":"Feature","properties":{"site":"Blue Creek Central Precinct","t":"line"},"geometry":{"type":"LineString","coordinates":[[-88.895637,17.859809],[-88.895547,17.859809]]}},{"type":"Feature","properties":{"site":"Blue Creek Central Precinct","t":"line"},"geometry":{"type":"LineString","coordinates":[[-88.895547,17.859809],[-88.895546,17.859757]]}},{"type":"Feature","properties":{"site":"Blue Creek Central Precinct","t":"line"},"geometry":{"type":"LineString","coordinates":[[-88.895546,17.859757],[-88.895637,17.859757]]}},{"type":"Feature","properties":{"site":"Blue Creek Central Precinct","t":"line"},"geometry":{"type":"LineString","coordinates":[[-88.895637,17.859757],[-88.895637,17.859809]]}},{"type":"Feature","properties":{"site":"Blue Creek Central Precinct","t":"line"},"geometry":{"type":"LineString","coordinates":[[-88.895732,17.859657],[-88.895637,17.859757]]}},{"type":"Feature","properties":{"site":"Blue Creek Central Precinct","t":"line"},"geometry":{"type":"LineString","coordinates":[[-88.895547,17.859809],[-88.895379,17.859938]]}},{"type":"Feature","properties":{"site":"Blue Creek Central Precinct","t":"line"},"geometry":{"type":"LineString","coordinates":[[-88.895375,17.859586],[-88.895546,17.859757]]}},{"type":"Feature","properties":{"site":"Blue Creek Central Precinct","t":"line"},"geometry":{"type":"LineString","coordinates":[[-88.895842,17.860356],[-88.895812,17.860362]]}},{"type":"Feature","properties":{"site":"Blue Creek Central Precinct","t":"line"},"geometry":{"type":"LineString","coordinates":[[-88.895812,17.860362],[-88.895813,17.860501]]}},{"type":"Feature","properties":{"site":"Blue Creek Central Precinct","t":"line"},"geometry":{"type":"LineString","coordinates":[[-88.895813,17.860501],[-88.895789,17.860501]]}},{"type":"Feature","properties":{"site":"Blue Creek Central Precinct","t":"line"},"geometry":{"type":"LineString","coordinates":[[-88.895789,17.860501],[-88.89581,17.860721]]}},{"type":"Feature","properties":{"site":"Blue Creek Central Precinct","t":"line"},"geometry":{"type":"LineString","coordinates":[[-88.89581,17.860721],[-88.895943,17.860719]]}},{"type":"Feature","properties":{"site":"Blue Creek Central Precinct","t":"line"},"geometry":{"type":"LineString","coordinates":[[-88.895943,17.860719],[-88.895963,17.860898]]}},{"type":"Feature","properties":{"site":"Blue Creek Central Precinct","t":"line"},"geometry":{"type":"LineString","coordinates":[[-88.895963,17.860898],[-88.896011,17.860886]]}},{"type":"Feature","properties":{"site":"Blue Creek Central Precinct","t":"line"},"geometry":{"type":"LineString","coordinates":[[-88.896011,17.860886],[-88.896011,17.860904]]}},{"type":"Feature","properties":{"site":"Blue Creek Central Precinct","t":"line"},"geometry":{"type":"LineString","coordinates":[[-88.896011,17.860904],[-88.896168,17.860873]]}},{"type":"Feature","properties":{"site":"Blue Creek Central Precinct","t":"line"},"geometry":{"type":"LineString","coordinates":[[-88.896168,17.860873],[-88.896168,17.860867]]}},{"type":"Feature","properties":{"site":"Blue Creek Central Precinct","t":"line"},"geometry":{"type":"LineString","coordinates":[[-88.896168,17.860867],[-88.896216,17.86085]]}},{"type":"Feature","properties":{"site":"Blue Creek Central Precinct","t":"line"},"geometry":{"type":"LineString","coordinates":[[-88.896216,17.86085],[-88.896203,17.860803]]}},{"type":"Feature","properties":{"site":"Blue Creek Central Precinct","t":"line"},"geometry":{"type":"LineString","coordinates":[[-88.896203,17.860803],[-88.896251,17.860791]]}},{"type":"Feature","properties":{"site":"Blue Creek Central Precinct","t":"line"},"geometry":{"type":"LineString","coordinates":[[-88.896251,17.860791],[-88.896303,17.861115]]}},{"type":"Feature","properties":{"site":"Blue Creek Central Precinct","t":"line"},"geometry":{"type":"LineString","coordinates":[[-88.896303,17.861115],[-88.896339,17.861114]]}},{"type":"Feature","properties":{"site":"Blue Creek Central Precinct","t":"line"},"geometry":{"type":"LineString","coordinates":[[-88.896339,17.861114],[-88.8964,17.861125]]}},{"type":"Feature","properties":{"site":"Blue Creek Central Precinct","t":"line"},"geometry":{"type":"LineString","coordinates":[[-88.8964,17.861125],[-88.896329,17.86075]]}},{"type":"Feature","properties":{"site":"Blue Creek Central Precinct","t":"line"},"geometry":{"type":"LineString","coordinates":[[-88.896329,17.86075],[-88.896299,17.860727]]}},{"type":"Feature","properties":{"site":"Blue Creek Central Precinct","t":"line"},"geometry":{"type":"LineString","coordinates":[[-88.896299,17.860727],[-88.896249,17.860554]]}},{"type":"Feature","properties":{"site":"Blue Creek Central Precinct","t":"line"},"geometry":{"type":"LineString","coordinates":[[-88.896249,17.860554],[-88.896163,17.860468]]}},{"type":"Feature","properties":{"site":"Blue Creek Central Precinct","t":"line"},"geometry":{"type":"LineString","coordinates":[[-88.896163,17.860468],[-88.896127,17.860434]]}},{"type":"Feature","properties":{"site":"Blue Creek Central Precinct","t":"line"},"geometry":{"type":"LineString","coordinates":[[-88.896127,17.860434],[-88.896174,17.86037]]}},{"type":"Feature","properties":{"site":"Blue Creek Central Precinct","t":"line"},"geometry":{"type":"LineString","coordinates":[[-88.896174,17.86037],[-88.896017,17.860366]]}},{"type":"Feature","properties":{"site":"Blue Creek Central Precinct","t":"line"},"geometry":{"type":"LineString","coordinates":[[-88.896006,17.860389],[-88.896012,17.860424]]}},{"type":"Feature","properties":{"site":"Blue Creek Central Precinct","t":"line"},"geometry":{"type":"LineString","coordinates":[[-88.896012,17.860424],[-88.89603,17.860452]]}},{"type":"Feature","properties":{"site":"Blue Creek Central Precinct","t":"line"},"geometry":{"type":"LineString","coordinates":[[-88.89603,17.860452],[-88.89603,17.860464]]}},{"type":"Feature","properties":{"site":"Blue Creek Central Precinct","t":"line"},"geometry":{"type":"LineString","coordinates":[[-88.89603,17.860464],[-88.896024,17.86047]]}},{"type":"Feature","properties":{"site":"Blue Creek Central Precinct","t":"line"},"geometry":{"type":"LineString","coordinates":[[-88.896024,17.86047],[-88.896127,17.860469]]}},{"type":"Feature","properties":{"site":"Blue Creek Central Precinct","t":"line"},"geometry":{"type":"LineString","coordinates":[[-88.896127,17.860469],[-88.896127,17.860434]]}},{"type":"Feature","properties":{"site":"Blue Creek Central Precinct","t":"line"},"geometry":{"type":"LineString","coordinates":[[-88.896127,17.860469],[-88.896121,17.860434]]}},{"type":"Feature","properties":{"site":"Blue Creek Central Precinct","t":"line"},"geometry":{"type":"LineString","coordinates":[[-88.896121,17.860434],[-88.896121,17.860423]]}},{"type":"Feature","properties":{"site":"Blue Creek Central Precinct","t":"line"},"geometry":{"type":"LineString","coordinates":[[-88.896121,17.860423],[-88.89606,17.860423]]}},{"type":"Feature","properties":{"site":"Blue Creek Central Precinct","t":"line"},"geometry":{"type":"LineString","coordinates":[[-88.89606,17.860423],[-88.89606,17.860435]]}},{"type":"Feature","properties":{"site":"Blue Creek Central Precinct","t":"line"},"geometry":{"type":"LineString","coordinates":[[-88.89606,17.860435],[-88.896121,17.860434]]}},{"type":"Feature","properties":{"site":"Blue Creek Central Precinct","t":"line"},"geometry":{"type":"LineString","coordinates":[[-88.89606,17.860435],[-88.89603,17.860464]]}},{"type":"Feature","properties":{"site":"Blue Creek Central Precinct","t":"line"},"geometry":{"type":"LineString","coordinates":[[-88.89606,17.860423],[-88.896006,17.860389]]}},{"type":"Feature","properties":{"site":"Blue Creek Central Precinct","t":"line"},"geometry":{"type":"LineString","coordinates":[[-88.896174,17.86037],[-88.896121,17.860423]]}},{"type":"Feature","properties":{"site":"Blue Creek Central Precinct","t":"line"},"geometry":{"type":"LineString","coordinates":[[-88.896006,17.860389],[-88.895879,17.860384]]}},{"type":"Feature","properties":{"site":"Blue Creek Central Precinct","t":"line"},"geometry":{"type":"LineString","coordinates":[[-88.895879,17.860384],[-88.895855,17.860454]]}},{"type":"Feature","properties":{"site":"Blue Creek Central Precinct","t":"line"},"geometry":{"type":"LineString","coordinates":[[-88.895855,17.860454],[-88.895812,17.860362]]}},{"type":"Feature","properties":{"site":"Blue Creek Central Precinct","t":"line"},"geometry":{"type":"LineString","coordinates":[[-88.895855,17.860454],[-88.89585,17.860552]]}},{"type":"Feature","properties":{"site":"Blue Creek Central Precinct","t":"line"},"geometry":{"type":"LineString","coordinates":[[-88.89585,17.860552],[-88.895813,17.860501]]}},{"type":"Feature","properties":{"site":"Blue Creek Central Precinct","t":"line"},"geometry":{"type":"LineString","coordinates":[[-88.89585,17.860552],[-88.895874,17.860552]]}},{"type":"Feature","properties":{"site":"Blue Creek Central Precinct","t":"line"},"geometry":{"type":"LineString","coordinates":[[-88.895874,17.860552],[-88.89588,17.860546]]}},{"type":"Feature","properties":{"site":"Blue Creek Central Precinct","t":"line"},"geometry":{"type":"LineString","coordinates":[[-88.89588,17.860546],[-88.89588,17.860471]]}},{"type":"Feature","properties":{"site":"Blue Creek Central Precinct","t":"line"},"geometry":{"type":"LineString","coordinates":[[-88.89588,17.860471],[-88.896024,17.86047]]}},{"type":"Feature","properties":{"site":"Blue Creek Central Precinct","t":"line"},"geometry":{"type":"LineString","coordinates":[[-88.89603,17.860464],[-88.895873,17.860465]]}},{"type":"Feature","properties":{"site":"Blue Creek Central Precinct","t":"line"},"geometry":{"type":"LineString","coordinates":[[-88.895873,17.860465],[-88.895874,17.860552]]}},{"type":"Feature","properties":{"site":"Blue Creek Central Precinct","t":"line"},"geometry":{"type":"LineString","coordinates":[[-88.895873,17.860465],[-88.89588,17.860471]]}},{"type":"Feature","properties":{"site":"Blue Creek Central Precinct","t":"line"},"geometry":{"type":"LineString","coordinates":[[-88.89603,17.860452],[-88.895855,17.860454]]}},{"type":"Feature","properties":{"site":"Blue Creek Central Precinct","t":"line"},"geometry":{"type":"LineString","coordinates":[[-88.895789,17.860501],[-88.895851,17.860581]]}},{"type":"Feature","properties":{"site":"Blue Creek Central Precinct","t":"line"},"geometry":{"type":"LineString","coordinates":[[-88.895851,17.860581],[-88.895857,17.860656]]}},{"type":"Feature","properties":{"site":"Blue Creek Central Precinct","t":"line"},"geometry":{"type":"LineString","coordinates":[[-88.895857,17.860656],[-88.89581,17.860721]]}},{"type":"Feature","properties":{"site":"Blue Creek Central Precinct","t":"line"},"geometry":{"type":"LineString","coordinates":[[-88.895851,17.860581],[-88.895881,17.860569]]}},{"type":"Feature","properties":{"site":"Blue Creek Central Precinct","t":"line"},"geometry":{"type":"LineString","coordinates":[[-88.895881,17.860569],[-88.895893,17.860564]]}},{"type":"Feature","properties":{"site":"Blue Creek Central Precinct","t":"line"},"geometry":{"type":"LineString","coordinates":[[-88.895893,17.860564],[-88.895906,17.860662]]}},{"type":"Feature","properties":{"site":"Blue Creek Central Precinct","t":"line"},"geometry":{"type":"LineString","coordinates":[[-88.895906,17.860662],[-88.895882,17.860656]]}},{"type":"Feature","properties":{"site":"Blue Creek Central Precinct","t":"line"},"geometry":{"type":"LineString","coordinates":[[-88.895882,17.860656],[-88.895857,17.860656]]}},{"type":"Feature","properties":{"site":"Blue Creek Central Precinct","t":"line"},"geometry":{"type":"LineString","coordinates":[[-88.895881,17.860569],[-88.895882,17.860656]]}},{"type":"Feature","properties":{"site":"Blue Creek Central Precinct","t":"line"},"geometry":{"type":"LineString","coordinates":[[-88.896329,17.86075],[-88.896299,17.860756]]}},{"type":"Feature","properties":{"site":"Blue Creek Central Precinct","t":"line"},"geometry":{"type":"LineString","coordinates":[[-88.896299,17.860756],[-88.896281,17.860756]]}},{"type":"Feature","properties":{"site":"Blue Creek Central Precinct","t":"line"},"geometry":{"type":"LineString","coordinates":[[-88.896281,17.860756],[-88.896167,17.860781]]}},{"type":"Feature","properties":{"site":"Blue Creek Central Precinct","t":"line"},"geometry":{"type":"LineString","coordinates":[[-88.896167,17.860781],[-88.896203,17.860803]]}},{"type":"Feature","properties":{"site":"Blue Creek Central Precinct","t":"line"},"geometry":{"type":"LineString","coordinates":[[-88.896281,17.860756],[-88.896251,17.860791]]}},{"type":"Feature","properties":{"site":"Blue Creek Central Precinct","t":"line"},"geometry":{"type":"LineString","coordinates":[[-88.896281,17.860756],[-88.896333,17.861091]]}},{"type":"Feature","properties":{"site":"Blue Creek Central Precinct","t":"line"},"geometry":{"type":"LineString","coordinates":[[-88.896333,17.861091],[-88.896303,17.861115]]}},{"type":"Feature","properties":{"site":"Blue Creek Central Precinct","t":"line"},"geometry":{"type":"LineString","coordinates":[[-88.896333,17.861091],[-88.8964,17.861125]]}},{"type":"Feature","properties":{"site":"Blue Creek Central Precinct","t":"line"},"geometry":{"type":"LineString","coordinates":[[-88.896216,17.86085],[-88.896143,17.860804]]}},{"type":"Feature","properties":{"site":"Blue Creek Central Precinct","t":"line"},"geometry":{"type":"LineString","coordinates":[[-88.896143,17.860804],[-88.896168,17.860873]]}},{"type":"Feature","properties":{"site":"Blue Creek Central Precinct","t":"line"},"geometry":{"type":"LineString","coordinates":[[-88.896143,17.860804],[-88.89601,17.860823]]}},{"type":"Feature","properties":{"site":"Blue Creek Central Precinct","t":"line"},"geometry":{"type":"LineString","coordinates":[[-88.89601,17.860823],[-88.896011,17.860904]]}},{"type":"Feature","properties":{"site":"Blue Creek Central Precinct","t":"line"},"geometry":{"type":"LineString","coordinates":[[-88.89601,17.860823],[-88.895963,17.860898]]}},{"type":"Feature","properties":{"site":"Blue Creek Central Precinct","t":"line"},"geometry":{"type":"LineString","coordinates":[[-88.89601,17.860823],[-88.89601,17.860805]]}},{"type":"Feature","properties":{"site":"Blue Creek Central Precinct","t":"line"},"geometry":{"type":"LineString","coordinates":[[-88.89601,17.860805],[-88.896009,17.860753]]}},{"type":"Feature","properties":{"site":"Blue Creek Central Precinct","t":"line"},"geometry":{"type":"LineString","coordinates":[[-88.896009,17.860753],[-88.895997,17.860719]]}},{"type":"Feature","properties":{"site":"Blue Creek Central Precinct","t":"line"},"geometry":{"type":"LineString","coordinates":[[-88.895997,17.860719],[-88.895985,17.860707]]}},{"type":"Feature","properties":{"site":"Blue Creek Central Precinct","t":"line"},"geometry":{"type":"LineString","coordinates":[[-88.895985,17.860707],[-88.895954,17.86069]]}},{"type":"Feature","properties":{"site":"Blue Creek Central Precinct","t":"line"},"geometry":{"type":"LineString","coordinates":[[-88.895966,17.860679],[-88.895943,17.860719]]}},{"type":"Feature","properties":{"site":"Blue Creek Central Precinct","t":"line"},"geometry":{"type":"LineString","coordinates":[[-88.895954,17.86069],[-88.89593,17.860662]]}},{"type":"Feature","properties":{"site":"Blue Creek Central Precinct","t":"line"},"geometry":{"type":"LineString","coordinates":[[-88.89593,17.860662],[-88.895906,17.860662]]}},{"type":"Feature","properties":{"site":"Blue Creek Central Precinct","t":"line"},"geometry":{"type":"LineString","coordinates":[[-88.895893,17.860564],[-88.895923,17.860563]]}},{"type":"Feature","properties":{"site":"Blue Creek Central Precinct","t":"line"},"geometry":{"type":"LineString","coordinates":[[-88.895923,17.860563],[-88.89593,17.860662]]}},{"type":"Feature","properties":{"site":"Blue Creek Central Precinct","t":"line"},"geometry":{"type":"LineString","coordinates":[[-88.895941,17.860552],[-88.895923,17.860563]]}},{"type":"Feature","properties":{"site":"Blue Creek Central Precinct","t":"line"},"geometry":{"type":"LineString","coordinates":[[-88.895941,17.860552],[-88.895947,17.860586]]}},{"type":"Feature","properties":{"site":"Blue Creek Central Precinct","t":"line"},"geometry":{"type":"LineString","coordinates":[[-88.895959,17.860592],[-88.895966,17.860679]]}},{"type":"Feature","properties":{"site":"Blue Creek Central Precinct","t":"line"},"geometry":{"type":"LineString","coordinates":[[-88.895966,17.860679],[-88.896129,17.860654]]}},{"type":"Feature","properties":{"site":"Blue Creek Central Precinct","t":"line"},"geometry":{"type":"LineString","coordinates":[[-88.896129,17.860654],[-88.896122,17.860584]]}},{"type":"Feature","properties":{"site":"Blue Creek Central Precinct","t":"line"},"geometry":{"type":"LineString","coordinates":[[-88.896122,17.860584],[-88.896159,17.860584]]}},{"type":"Feature","properties":{"site":"Blue Creek Central Precinct","t":"line"},"geometry":{"type":"LineString","coordinates":[[-88.896159,17.860584],[-88.896166,17.860677]]}},{"type":"Feature","properties":{"site":"Blue Creek Central Precinct","t":"line"},"geometry":{"type":"LineString","coordinates":[[-88.896166,17.860677],[-88.896153,17.860677]]}},{"type":"Feature","properties":{"site":"Blue Creek Central Precinct","t":"line"},"geometry":{"type":"LineString","coordinates":[[-88.896153,17.860677],[-88.896153,17.86059]]}},{"type":"Feature","properties":{"site":"Blue Creek Central Precinct","t":"line"},"geometry":{"type":"LineString","coordinates":[[-88.896153,17.86059],[-88.896128,17.86059]]}},{"type":"Feature","properties":{"site":"Blue Creek Central Precinct","t":"line"},"geometry":{"type":"LineString","coordinates":[[-88.896128,17.86059],[-88.896129,17.860677]]}},{"type":"Feature","properties":{"site":"Blue Creek Central Precinct","t":"line"},"geometry":{"type":"LineString","coordinates":[[-88.896129,17.860677],[-88.896153,17.860677]]}},{"type":"Feature","properties":{"site":"Blue Creek Central Precinct","t":"line"},"geometry":{"type":"LineString","coordinates":[[-88.896159,17.860584],[-88.896153,17.86059]]}},{"type":"Feature","properties":{"site":"Blue Creek Central Precinct","t":"line"},"geometry":{"type":"LineString","coordinates":[[-88.896122,17.860584],[-88.896128,17.86059]]}},{"type":"Feature","properties":{"site":"Blue Creek Central Precinct","t":"line"},"geometry":{"type":"LineString","coordinates":[[-88.896129,17.860654],[-88.896129,17.860677]]}},{"type":"Feature","properties":{"site":"Blue Creek Central Precinct","t":"line"},"geometry":{"type":"LineString","coordinates":[[-88.896129,17.860677],[-88.896123,17.860694]]}},{"type":"Feature","properties":{"site":"Blue Creek Central Precinct","t":"line"},"geometry":{"type":"LineString","coordinates":[[-88.896123,17.860694],[-88.89613,17.860741]]}},{"type":"Feature","properties":{"site":"Blue Creek Central Precinct","t":"line"},"geometry":{"type":"LineString","coordinates":[[-88.89613,17.860741],[-88.89613,17.860752]]}},{"type":"Feature","properties":{"site":"Blue Creek Central Precinct","t":"line"},"geometry":{"type":"LineString","coordinates":[[-88.89613,17.860752],[-88.89613,17.860781]]}},{"type":"Feature","properties":{"site":"Blue Creek Central Precinct","t":"line"},"geometry":{"type":"LineString","coordinates":[[-88.89613,17.860781],[-88.896143,17.860804]]}},{"type":"Feature","properties":{"site":"Blue Creek Central Precinct","t":"line"},"geometry":{"type":"LineString","coordinates":[[-88.896129,17.860677],[-88.896009,17.860695]]}},{"type":"Feature","properties":{"site":"Blue Creek Central Precinct","t":"line"},"geometry":{"type":"LineString","coordinates":[[-88.896009,17.860695],[-88.895985,17.860707]]}},{"type":"Feature","properties":{"site":"Blue Creek Central Precinct","t":"line"},"geometry":{"type":"LineString","coordinates":[[-88.896009,17.860695],[-88.896015,17.860742]]}},{"type":"Feature","properties":{"site":"Blue Creek Central Precinct","t":"line"},"geometry":{"type":"LineString","coordinates":[[-88.896015,17.860742],[-88.896118,17.860718]]}},{"type":"Feature","properties":{"site":"Blue Creek Central Precinct","t":"line"},"geometry":{"type":"LineString","coordinates":[[-88.896118,17.860718],[-88.896111,17.860683]]}},{"type":"Feature","properties":{"site":"Blue Creek Central Precinct","t":"line"},"geometry":{"type":"LineString","coordinates":[[-88.896111,17.860683],[-88.896123,17.860694]]}},{"type":"Feature","properties":{"site":"Blue Creek Central Precinct","t":"line"},"geometry":{"type":"LineString","coordinates":[[-88.896009,17.860695],[-88.895997,17.860719]]}},{"type":"Feature","properties":{"site":"Blue Creek Central Precinct","t":"line"},"geometry":{"type":"LineString","coordinates":[[-88.896015,17.860742],[-88.896009,17.860759]]}},{"type":"Feature","properties":{"site":"Blue Creek Central Precinct","t":"line"},"geometry":{"type":"LineString","coordinates":[[-88.896009,17.860759],[-88.89613,17.860741]]}},{"type":"Feature","properties":{"site":"Blue Creek Central Precinct","t":"line"},"geometry":{"type":"LineString","coordinates":[[-88.89613,17.860741],[-88.896118,17.860718]]}},{"type":"Feature","properties":{"site":"Blue Creek Central Precinct","t":"line"},"geometry":{"type":"LineString","coordinates":[[-88.89613,17.860752],[-88.89601,17.860776]]}},{"type":"Feature","properties":{"site":"Blue Creek Central Precinct","t":"line"},"geometry":{"type":"LineString","coordinates":[[-88.89601,17.860776],[-88.896016,17.860782]]}},{"type":"Feature","properties":{"site":"Blue Creek Central Precinct","t":"line"},"geometry":{"type":"LineString","coordinates":[[-88.896016,17.860782],[-88.89601,17.860805]]}},{"type":"Feature","properties":{"site":"Blue Creek Central Precinct","t":"line"},"geometry":{"type":"LineString","coordinates":[[-88.89601,17.860805],[-88.89613,17.860781]]}},{"type":"Feature","properties":{"site":"Blue Creek Central Precinct","t":"line"},"geometry":{"type":"LineString","coordinates":[[-88.89613,17.860781],[-88.896118,17.860775]]}},{"type":"Feature","properties":{"site":"Blue Creek Central Precinct","t":"line"},"geometry":{"type":"LineString","coordinates":[[-88.896118,17.860775],[-88.89613,17.860752]]}},{"type":"Feature","properties":{"site":"Blue Creek Central Precinct","t":"line"},"geometry":{"type":"LineString","coordinates":[[-88.896118,17.860775],[-88.896016,17.860782]]}},{"type":"Feature","properties":{"site":"Blue Creek Central Precinct","t":"line"},"geometry":{"type":"LineString","coordinates":[[-88.896166,17.860677],[-88.896184,17.860746]]}},{"type":"Feature","properties":{"site":"Blue Creek Central Precinct","t":"line"},"geometry":{"type":"LineString","coordinates":[[-88.896184,17.860746],[-88.896166,17.860752]]}},{"type":"Feature","properties":{"site":"Blue Creek Central Precinct","t":"line"},"geometry":{"type":"LineString","coordinates":[[-88.896166,17.860752],[-88.896167,17.860781]]}},{"type":"Feature","properties":{"site":"Blue Creek Central Precinct","t":"line"},"geometry":{"type":"LineString","coordinates":[[-88.896166,17.860752],[-88.896263,17.860739]]}},{"type":"Feature","properties":{"site":"Blue Creek Central Precinct","t":"line"},"geometry":{"type":"LineString","coordinates":[[-88.896263,17.860739],[-88.896225,17.86056]]}},{"type":"Feature","properties":{"site":"Blue Creek Central Precinct","t":"line"},"geometry":{"type":"LineString","coordinates":[[-88.896225,17.86056],[-88.896158,17.860492]]}},{"type":"Feature","properties":{"site":"Blue Creek Central Precinct","t":"line"},"geometry":{"type":"LineString","coordinates":[[-88.896158,17.860492],[-88.896164,17.860486]]}},{"type":"Feature","properties":{"site":"Blue Creek Central Precinct","t":"line"},"geometry":{"type":"LineString","coordinates":[[-88.896164,17.860486],[-88.896249,17.86056]]}},{"type":"Feature","properties":{"site":"Blue Creek Central Precinct","t":"line"},"geometry":{"type":"LineString","coordinates":[[-88.896249,17.86056],[-88.896299,17.860756]]}},{"type":"Feature","properties":{"site":"Blue Creek Central Precinct","t":"line"},"geometry":{"type":"LineString","coordinates":[[-88.896163,17.860468],[-88.896164,17.860486]]}},{"type":"Feature","properties":{"site":"Blue Creek Central Precinct","t":"line"},"geometry":{"type":"LineString","coordinates":[[-88.896158,17.860492],[-88.896145,17.860486]]}},{"type":"Feature","properties":{"site":"Blue Creek Central Precinct","t":"line"},"geometry":{"type":"LineString","coordinates":[[-88.896163,17.860468],[-88.896145,17.860486]]}},{"type":"Feature","properties":{"site":"Blue Creek Central Precinct","t":"line"},"geometry":{"type":"LineString","coordinates":[[-88.896145,17.860486],[-88.896213,17.860566]]}},{"type":"Feature","properties":{"site":"Blue Creek Central Precinct","t":"line"},"geometry":{"type":"LineString","coordinates":[[-88.896213,17.860566],[-88.896263,17.860728]]}},{"type":"Feature","properties":{"site":"Blue Creek Central Precinct","t":"line"},"geometry":{"type":"LineString","coordinates":[[-88.896263,17.860728],[-88.896184,17.860746]]}},{"type":"Feature","properties":{"site":"Blue Creek Central Precinct","t":"line"},"geometry":{"type":"LineString","coordinates":[[-88.89588,17.860546],[-88.895947,17.860534]]}},{"type":"Feature","properties":{"site":"Blue Creek Central Precinct","t":"line"},"geometry":{"type":"LineString","coordinates":[[-88.895947,17.860534],[-88.896116,17.860527]]}},{"type":"Feature","properties":{"site":"Blue Creek Central Precinct","t":"line"},"geometry":{"type":"LineString","coordinates":[[-88.896116,17.860527],[-88.896116,17.860585]]}},{"type":"Feature","properties":{"site":"Blue Creek Central Precinct","t":"line"},"geometry":{"type":"LineString","coordinates":[[-88.896116,17.860585],[-88.895959,17.860592]]}},{"type":"Feature","properties":{"site":"Blue Creek Central Precinct","t":"line"},"geometry":{"type":"LineString","coordinates":[[-88.895959,17.860592],[-88.895947,17.860586]]}},{"type":"Feature","properties":{"site":"Blue Creek Central Precinct","t":"line"},"geometry":{"type":"LineString","coordinates":[[-88.895947,17.860563],[-88.895947,17.860586]]}},{"type":"Feature","properties":{"site":"Blue Creek Central Precinct","t":"line"},"geometry":{"type":"LineString","coordinates":[[-88.895941,17.860552],[-88.895947,17.860563]]}},{"type":"Feature","properties":{"site":"Blue Creek Central Precinct","t":"line"},"geometry":{"type":"LineString","coordinates":[[-88.895941,17.860552],[-88.895983,17.860551]]}},{"type":"Feature","properties":{"site":"Blue Creek Central Precinct","t":"line"},"geometry":{"type":"LineString","coordinates":[[-88.895983,17.860551],[-88.895989,17.86058]]}},{"type":"Feature","properties":{"site":"Blue Creek Central Precinct","t":"line"},"geometry":{"type":"LineString","coordinates":[[-88.895989,17.86058],[-88.895983,17.860563]]}},{"type":"Feature","properties":{"site":"Blue Creek Central Precinct","t":"line"},"geometry":{"type":"LineString","coordinates":[[-88.895983,17.860563],[-88.895983,17.860551]]}},{"type":"Feature","properties":{"site":"Blue Creek Central Precinct","t":"line"},"geometry":{"type":"LineString","coordinates":[[-88.895983,17.860563],[-88.895947,17.860563]]}},{"type":"Feature","properties":{"site":"Blue Creek Central Precinct","t":"line"},"geometry":{"type":"LineString","coordinates":[[-88.895947,17.860586],[-88.895989,17.86058]]}},{"type":"Feature","properties":{"site":"Blue Creek Central Precinct","t":"line"},"geometry":{"type":"LineString","coordinates":[[-88.895989,17.86058],[-88.896008,17.86058]]}},{"type":"Feature","properties":{"site":"Blue Creek Central Precinct","t":"line"},"geometry":{"type":"LineString","coordinates":[[-88.896008,17.86058],[-88.89605,17.860568]]}},{"type":"Feature","properties":{"site":"Blue Creek Central Precinct","t":"line"},"geometry":{"type":"LineString","coordinates":[[-88.89605,17.860568],[-88.896062,17.860568]]}},{"type":"Feature","properties":{"site":"Blue Creek Central Precinct","t":"line"},"geometry":{"type":"LineString","coordinates":[[-88.896062,17.860568],[-88.896098,17.860562]]}},{"type":"Feature","properties":{"site":"Blue Creek Central Precinct","t":"line"},"geometry":{"type":"LineString","coordinates":[[-88.896098,17.860562],[-88.896116,17.860585]]}},{"type":"Feature","properties":{"site":"Blue Creek Central Precinct","t":"line"},"geometry":{"type":"LineString","coordinates":[[-88.896098,17.860562],[-88.896098,17.860544]]}},{"type":"Feature","properties":{"site":"Blue Creek Central Precinct","t":"line"},"geometry":{"type":"LineString","coordinates":[[-88.896098,17.860544],[-88.896116,17.860527]]}},{"type":"Feature","properties":{"site":"Blue Creek Central Precinct","t":"line"},"geometry":{"type":"LineString","coordinates":[[-88.896098,17.860544],[-88.896062,17.860545]]}},{"type":"Feature","properties":{"site":"Blue Creek Central Precinct","t":"line"},"geometry":{"type":"LineString","coordinates":[[-88.896062,17.860545],[-88.896049,17.860545]]}},{"type":"Feature","properties":{"site":"Blue Creek Central Precinct","t":"line"},"geometry":{"type":"LineString","coordinates":[[-88.896049,17.860545],[-88.896007,17.860551]]}},{"type":"Feature","properties":{"site":"Blue Creek Central Precinct","t":"line"},"geometry":{"type":"LineString","coordinates":[[-88.896007,17.860551],[-88.895983,17.860551]]}},{"type":"Feature","properties":{"site":"Blue Creek Central Precinct","t":"line"},"geometry":{"type":"LineString","coordinates":[[-88.896007,17.860551],[-88.896008,17.86058]]}},{"type":"Feature","properties":{"site":"Blue Creek Central Precinct","t":"line"},"geometry":{"type":"LineString","coordinates":[[-88.896008,17.86058],[-88.896013,17.860562]]}},{"type":"Feature","properties":{"site":"Blue Creek Central Precinct","t":"line"},"geometry":{"type":"LineString","coordinates":[[-88.896013,17.860562],[-88.896007,17.860551]]}},{"type":"Feature","properties":{"site":"Blue Creek Central Precinct","t":"line"},"geometry":{"type":"LineString","coordinates":[[-88.89605,17.860562],[-88.89605,17.860568]]}},{"type":"Feature","properties":{"site":"Blue Creek Central Precinct","t":"line"},"geometry":{"type":"LineString","coordinates":[[-88.89605,17.860568],[-88.896049,17.860545]]}},{"type":"Feature","properties":{"site":"Blue Creek Central Precinct","t":"line"},"geometry":{"type":"LineString","coordinates":[[-88.896049,17.860545],[-88.89605,17.860562]]}},{"type":"Feature","properties":{"site":"Blue Creek Central Precinct","t":"line"},"geometry":{"type":"LineString","coordinates":[[-88.896062,17.860545],[-88.896062,17.860568]]}},{"type":"Feature","properties":{"site":"Blue Creek Central Precinct","t":"line"},"geometry":{"type":"LineString","coordinates":[[-88.896062,17.860568],[-88.896062,17.860556]]}},{"type":"Feature","properties":{"site":"Blue Creek Central Precinct","t":"line"},"geometry":{"type":"LineString","coordinates":[[-88.896062,17.860556],[-88.896062,17.860545]]}},{"type":"Feature","properties":{"site":"Blue Creek Central Precinct","t":"line"},"geometry":{"type":"LineString","coordinates":[[-88.896062,17.860556],[-88.896086,17.86055]]}},{"type":"Feature","properties":{"site":"Blue Creek Central Precinct","t":"line"},"geometry":{"type":"LineString","coordinates":[[-88.896086,17.86055],[-88.896098,17.860562]]}},{"type":"Feature","properties":{"site":"Blue Creek Central Precinct","t":"line"},"geometry":{"type":"LineString","coordinates":[[-88.896086,17.86055],[-88.896098,17.860544]]}},{"type":"Feature","properties":{"site":"Blue Creek Central Precinct","t":"line"},"geometry":{"type":"LineString","coordinates":[[-88.89605,17.860562],[-88.896013,17.860562]]}},{"type":"Feature","properties":{"site":"Blue Creek Central Precinct","t":"line"},"geometry":{"type":"LineString","coordinates":[[-88.896538,17.861101],[-88.896388,17.861166]]}},{"type":"Feature","properties":{"site":"Blue Creek Central Precinct","t":"line"},"geometry":{"type":"LineString","coordinates":[[-88.896532,17.861072],[-88.89637,17.861137]]}},{"type":"Feature","properties":{"site":"Blue Creek Central Precinct","t":"line"},"geometry":{"type":"LineString","coordinates":[[-88.896418,17.86116],[-88.8964,17.861172]]}},{"type":"Feature","properties":{"site":"Blue Creek Central Precinct","t":"line"},"geometry":{"type":"LineString","coordinates":[[-88.8964,17.861172],[-88.896394,17.861177]]}},{"type":"Feature","properties":{"site":"Blue Creek Central Precinct","t":"line"},"geometry":{"type":"LineString","coordinates":[[-88.896394,17.861177],[-88.896426,17.861287]]}},{"type":"Feature","properties":{"site":"Blue Creek Central Precinct","t":"line"},"geometry":{"type":"LineString","coordinates":[[-88.896426,17.861287],[-88.896462,17.861269]]}},{"type":"Feature","properties":{"site":"Blue Creek Central Precinct","t":"line"},"geometry":{"type":"LineString","coordinates":[[-88.896462,17.861269],[-88.896418,17.86116]]}},{"type":"Feature","properties":{"site":"Blue Creek Central Precinct","t":"line"},"geometry":{"type":"LineString","coordinates":[[-88.896418,17.86116],[-88.896406,17.861177]]}},{"type":"Feature","properties":{"site":"Blue Creek Central Precinct","t":"line"},"geometry":{"type":"LineString","coordinates":[[-88.896406,17.861177],[-88.8964,17.861177]]}},{"type":"Feature","properties":{"site":"Blue Creek Central Precinct","t":"line"},"geometry":{"type":"LineString","coordinates":[[-88.8964,17.861177],[-88.896431,17.86127]]}},{"type":"Feature","properties":{"site":"Blue Creek Central Precinct","t":"line"},"geometry":{"type":"LineString","coordinates":[[-88.896431,17.86127],[-88.896444,17.861269]]}},{"type":"Feature","properties":{"site":"Blue Creek Central Precinct","t":"line"},"geometry":{"type":"LineString","coordinates":[[-88.896444,17.861269],[-88.896406,17.861177]]}},{"type":"Feature","properties":{"site":"Blue Creek Central Precinct","t":"line"},"geometry":{"type":"LineString","coordinates":[[-88.896431,17.86127],[-88.896426,17.861287]]}},{"type":"Feature","properties":{"site":"Blue Creek Central Precinct","t":"line"},"geometry":{"type":"LineString","coordinates":[[-88.896444,17.861269],[-88.896462,17.861269]]}},{"type":"Feature","properties":{"site":"Blue Creek Central Precinct","t":"line"},"geometry":{"type":"LineString","coordinates":[[-88.896418,17.86116],[-88.896406,17.861177]]}},{"type":"Feature","properties":{"site":"Blue Creek Central Precinct","t":"line"},"geometry":{"type":"LineString","coordinates":[[-88.896394,17.861177],[-88.8964,17.861177]]}},{"type":"Feature","properties":{"site":"Blue Creek Central Precinct","t":"line"},"geometry":{"type":"LineString","coordinates":[[-88.896486,17.861286],[-88.896426,17.861293]]}},{"type":"Feature","properties":{"site":"Blue Creek Central Precinct","t":"line"},"geometry":{"type":"LineString","coordinates":[[-88.896426,17.861293],[-88.896432,17.861333]]}},{"type":"Feature","properties":{"site":"Blue Creek Central Precinct","t":"line"},"geometry":{"type":"LineString","coordinates":[[-88.896432,17.861333],[-88.896486,17.861327]]}},{"type":"Feature","properties":{"site":"Blue Creek Central Precinct","t":"line"},"geometry":{"type":"LineString","coordinates":[[-88.896486,17.861327],[-88.896486,17.861286]]}},{"type":"Feature","properties":{"site":"Blue Creek Central Precinct","t":"line"},"geometry":{"type":"LineString","coordinates":[[-88.896486,17.861286],[-88.896468,17.861315]]}},{"type":"Feature","properties":{"site":"Blue Creek Central Precinct","t":"line"},"geometry":{"type":"LineString","coordinates":[[-88.896468,17.861315],[-88.896438,17.861316]]}},{"type":"Feature","properties":{"site":"Blue Creek Central Precinct","t":"line"},"geometry":{"type":"LineString","coordinates":[[-88.896438,17.861316],[-88.896426,17.861293]]}},{"type":"Feature","properties":{"site":"Blue Creek Central Precinct","t":"line"},"geometry":{"type":"LineString","coordinates":[[-88.896438,17.861316],[-88.896432,17.861333]]}},{"type":"Feature","properties":{"site":"Blue Creek Central Precinct","t":"line"},"geometry":{"type":"LineString","coordinates":[[-88.896468,17.861315],[-88.896486,17.861327]]}},{"type":"Feature","properties":{"site":"Blue Creek Central Precinct","t":"line"},"geometry":{"type":"LineString","coordinates":[[-88.896508,17.861124],[-88.896466,17.861136]]}},{"type":"Feature","properties":{"site":"Blue Creek Central Precinct","t":"line"},"geometry":{"type":"LineString","coordinates":[[-88.896466,17.861136],[-88.896522,17.861257]]}},{"type":"Feature","properties":{"site":"Blue Creek Central Precinct","t":"line"},"geometry":{"type":"LineString","coordinates":[[-88.896522,17.861257],[-88.896498,17.861263]]}},{"type":"Feature","properties":{"site":"Blue Creek Central Precinct","t":"line"},"geometry":{"type":"LineString","coordinates":[[-88.896498,17.861263],[-88.89651,17.861315]]}},{"type":"Feature","properties":{"site":"Blue Creek Central Precinct","t":"line"},"geometry":{"type":"LineString","coordinates":[[-88.89651,17.861315],[-88.896571,17.861286]]}},{"type":"Feature","properties":{"site":"Blue Creek Central Precinct","t":"line"},"geometry":{"type":"LineString","coordinates":[[-88.896571,17.861286],[-88.896508,17.861124]]}},{"type":"Feature","properties":{"site":"Blue Creek Central Precinct","t":"line"},"geometry":{"type":"LineString","coordinates":[[-88.896508,17.861124],[-88.896503,17.861136]]}},{"type":"Feature","properties":{"site":"Blue Creek Central Precinct","t":"line"},"geometry":{"type":"LineString","coordinates":[[-88.896503,17.861136],[-88.896484,17.861142]]}},{"type":"Feature","properties":{"site":"Blue Creek Central Precinct","t":"line"},"geometry":{"type":"LineString","coordinates":[[-88.896484,17.861142],[-88.896528,17.861251]]}},{"type":"Feature","properties":{"site":"Blue Creek Central Precinct","t":"line"},"geometry":{"type":"LineString","coordinates":[[-88.896528,17.861251],[-88.89654,17.86124]]}},{"type":"Feature","properties":{"site":"Blue Creek Central Precinct","t":"line"},"geometry":{"type":"LineString","coordinates":[[-88.89654,17.86124],[-88.896503,17.861136]]}},{"type":"Feature","properties":{"site":"Blue Creek Central Precinct","t":"line"},"geometry":{"type":"LineString","coordinates":[[-88.896466,17.861136],[-88.896484,17.861142]]}},{"type":"Feature","properties":{"site":"Blue Creek Central Precinct","t":"line"},"geometry":{"type":"LineString","coordinates":[[-88.896528,17.861251],[-88.896522,17.861257]]}},{"type":"Feature","properties":{"site":"Blue Creek Central Precinct","t":"line"},"geometry":{"type":"LineString","coordinates":[[-88.89654,17.86124],[-88.896552,17.861268]]}},{"type":"Feature","properties":{"site":"Blue Creek Central Precinct","t":"line"},"geometry":{"type":"LineString","coordinates":[[-88.896552,17.861268],[-88.896522,17.861286]]}},{"type":"Feature","properties":{"site":"Blue Creek Central Precinct","t":"line"},"geometry":{"type":"LineString","coordinates":[[-88.896522,17.861286],[-88.896498,17.861263]]}},{"type":"Feature","properties":{"site":"Blue Creek Central Precinct","t":"line"},"geometry":{"type":"LineString","coordinates":[[-88.896522,17.861286],[-88.89651,17.861315]]}},{"type":"Feature","properties":{"site":"Blue Creek Central Precinct","t":"line"},"geometry":{"type":"LineString","coordinates":[[-88.896552,17.861268],[-88.896571,17.861286]]}},{"type":"Feature","properties":{"site":"Blue Creek Central Precinct","t":"line"},"geometry":{"type":"LineString","coordinates":[[-88.896571,17.861286],[-88.896555,17.861523]]}},{"type":"Feature","properties":{"site":"Blue Creek Central Precinct","t":"line"},"geometry":{"type":"LineString","coordinates":[[-88.896555,17.861523],[-88.89658,17.861586]]}},{"type":"Feature","properties":{"site":"Blue Creek Central Precinct","t":"line"},"geometry":{"type":"LineString","coordinates":[[-88.89608,17.861128],[-88.896125,17.8614]]}},{"type":"Feature","properties":{"site":"Blue Creek Central Precinct","t":"line"},"geometry":{"type":"LineString","coordinates":[[-88.896555,17.861523],[-88.896501,17.861523]]}},{"type":"Feature","properties":{"site":"Blue Creek Central Precinct","t":"line"},"geometry":{"type":"LineString","coordinates":[[-88.896501,17.861523],[-88.896563,17.861667]]}},{"type":"Feature","properties":{"site":"Blue Creek Central Precinct","t":"line"},"geometry":{"type":"LineString","coordinates":[[-88.896563,17.861667],[-88.896502,17.861674]]}},{"type":"Feature","properties":{"site":"Blue Creek Central Precinct","t":"line"},"geometry":{"type":"LineString","coordinates":[[-88.896502,17.861674],[-88.896472,17.861651]]}},{"type":"Feature","properties":{"site":"Blue Creek Central Precinct","t":"line"},"geometry":{"type":"LineString","coordinates":[[-88.896471,17.861587],[-88.896563,17.861667]]}},{"type":"Feature","properties":{"site":"Blue Creek Central Precinct","t":"line"},"geometry":{"type":"LineString","coordinates":[[-88.896472,17.861651],[-88.896236,17.861653]]}},{"type":"Feature","properties":{"site":"Blue Creek Central Precinct","t":"line"},"geometry":{"type":"LineString","coordinates":[[-88.896107,17.861423],[-88.896125,17.8614]]}},{"type":"Feature","properties":{"site":"Blue Creek Central Precinct","t":"line"},"geometry":{"type":"LineString","coordinates":[[-88.896258,17.861398],[-88.896257,17.861335]]}},{"type":"Feature","properties":{"site":"Blue Creek Central Precinct","t":"line"},"geometry":{"type":"LineString","coordinates":[[-88.896257,17.861335],[-88.896493,17.861333]]}},{"type":"Feature","properties":{"site":"Blue Creek Central Precinct","t":"line"},"geometry":{"type":"LineString","coordinates":[[-88.896493,17.861333],[-88.896495,17.861523]]}},{"type":"Feature","properties":{"site":"Blue Creek Central Precinct","t":"line"},"geometry":{"type":"LineString","coordinates":[[-88.896493,17.861333],[-88.896469,17.861368]]}},{"type":"Feature","properties":{"site":"Blue Creek Central Precinct","t":"line"},"geometry":{"type":"LineString","coordinates":[[-88.896469,17.861368],[-88.896471,17.861587]]}},{"type":"Feature","properties":{"site":"Blue Creek Central Precinct","t":"line"},"geometry":{"type":"LineString","coordinates":[[-88.896471,17.861587],[-88.89629,17.861589]]}},{"type":"Feature","properties":{"site":"Blue Creek Central Precinct","t":"line"},"geometry":{"type":"LineString","coordinates":[[-88.89629,17.861589],[-88.896289,17.861491]]}},{"type":"Feature","properties":{"site":"Blue Creek Central Precinct","t":"line"},"geometry":{"type":"LineString","coordinates":[[-88.896289,17.861491],[-88.896288,17.861444]]}},{"type":"Feature","properties":{"site":"Blue Creek Central Precinct","t":"line"},"geometry":{"type":"LineString","coordinates":[[-88.896288,17.861444],[-88.896288,17.861369]]}},{"type":"Feature","properties":{"site":"Blue Creek Central Precinct","t":"line"},"geometry":{"type":"LineString","coordinates":[[-88.896288,17.861369],[-88.89636,17.861369]]}},{"type":"Feature","properties":{"site":"Blue Creek Central Precinct","t":"line"},"geometry":{"type":"LineString","coordinates":[[-88.89636,17.861369],[-88.89639,17.861368]]}},{"type":"Feature","properties":{"site":"Blue Creek Central Precinct","t":"line"},"geometry":{"type":"LineString","coordinates":[[-88.89639,17.861368],[-88.896396,17.861368]]}},{"type":"Feature","properties":{"site":"Blue Creek Central Precinct","t":"line"},"geometry":{"type":"LineString","coordinates":[[-88.896396,17.861368],[-88.89642,17.861368]]}},{"type":"Feature","properties":{"site":"Blue Creek Central Precinct","t":"line"},"geometry":{"type":"LineString","coordinates":[[-88.89642,17.861368],[-88.896433,17.861368]]}},{"type":"Feature","properties":{"site":"Blue Creek Central Precinct","t":"line"},"geometry":{"type":"LineString","coordinates":[[-88.896433,17.861368],[-88.896469,17.861368]]}},{"type":"Feature","properties":{"site":"Blue Creek Central Precinct","t":"line"},"geometry":{"type":"LineString","coordinates":[[-88.89629,17.861589],[-88.896236,17.861653]]}},{"type":"Feature","properties":{"site":"Blue Creek Central Precinct","t":"line"},"geometry":{"type":"LineString","coordinates":[[-88.896288,17.861444],[-88.896391,17.861443]]}},{"type":"Feature","properties":{"site":"Blue Creek Central Precinct","t":"line"},"geometry":{"type":"LineString","coordinates":[[-88.896391,17.861443],[-88.896391,17.861426]]}},{"type":"Feature","properties":{"site":"Blue Creek Central Precinct","t":"line"},"geometry":{"type":"LineString","coordinates":[[-88.896391,17.861426],[-88.896343,17.861427]]}},{"type":"Feature","properties":{"site":"Blue Creek Central Precinct","t":"line"},"geometry":{"type":"LineString","coordinates":[[-88.896343,17.861427],[-88.896342,17.861369]]}},{"type":"Feature","properties":{"site":"Blue Creek Central Precinct","t":"line"},"geometry":{"type":"LineString","coordinates":[[-88.896342,17.861369],[-88.896324,17.861386]]}},{"type":"Feature","properties":{"site":"Blue Creek Central Precinct","t":"line"},"geometry":{"type":"LineString","coordinates":[[-88.896324,17.861386],[-88.896324,17.861421]]}},{"type":"Feature","properties":{"site":"Blue Creek Central Precinct","t":"line"},"geometry":{"type":"LineString","coordinates":[[-88.896324,17.861421],[-88.896288,17.861444]]}},{"type":"Feature","properties":{"site":"Blue Creek Central Precinct","t":"line"},"geometry":{"type":"LineString","coordinates":[[-88.896324,17.861421],[-88.896337,17.861432]]}},{"type":"Feature","properties":{"site":"Blue Creek Central Precinct","t":"line"},"geometry":{"type":"LineString","coordinates":[[-88.896337,17.861432],[-88.896343,17.861444]]}},{"type":"Feature","properties":{"site":"Blue Creek Central Precinct","t":"line"},"geometry":{"type":"LineString","coordinates":[[-88.896343,17.861427],[-88.896337,17.861432]]}},{"type":"Feature","properties":{"site":"Blue Creek Central Precinct","t":"line"},"geometry":{"type":"LineString","coordinates":[[-88.896337,17.861432],[-88.896373,17.861432]]}},{"type":"Feature","properties":{"site":"Blue Creek Central Precinct","t":"line"},"geometry":{"type":"LineString","coordinates":[[-88.896373,17.861432],[-88.896391,17.861443]]}},{"type":"Feature","properties":{"site":"Blue Creek Central Precinct","t":"line"},"geometry":{"type":"LineString","coordinates":[[-88.896391,17.861426],[-88.896373,17.861432]]}},{"type":"Feature","properties":{"site":"Blue Creek Central Precinct","t":"line"},"geometry":{"type":"LineString","coordinates":[[-88.89636,17.861369],[-88.89636,17.861386]]}},{"type":"Feature","properties":{"site":"Blue Creek Central Precinct","t":"line"},"geometry":{"type":"LineString","coordinates":[[-88.89636,17.861386],[-88.89639,17.861386]]}},{"type":"Feature","properties":{"site":"Blue Creek Central Precinct","t":"line"},"geometry":{"type":"LineString","coordinates":[[-88.89639,17.861386],[-88.89639,17.861368]]}},{"type":"Feature","properties":{"site":"Blue Creek Central Precinct","t":"line"},"geometry":{"type":"LineString","coordinates":[[-88.89639,17.861368],[-88.896384,17.86138]]}},{"type":"Feature","properties":{"site":"Blue Creek Central Precinct","t":"line"},"geometry":{"type":"LineString","coordinates":[[-88.896384,17.86138],[-88.89639,17.861386]]}},{"type":"Feature","properties":{"site":"Blue Creek Central Precinct","t":"line"},"geometry":{"type":"LineString","coordinates":[[-88.896384,17.86138],[-88.896366,17.86138]]}},{"type":"Feature","properties":{"site":"Blue Creek Central Precinct","t":"line"},"geometry":{"type":"LineString","coordinates":[[-88.896366,17.86138],[-88.89636,17.861386]]}},{"type":"Feature","properties":{"site":"Blue Creek Central Precinct","t":"line"},"geometry":{"type":"LineString","coordinates":[[-88.89636,17.861369],[-88.896366,17.86138]]}},{"type":"Feature","properties":{"site":"Blue Creek Central Precinct","t":"line"},"geometry":{"type":"LineString","coordinates":[[-88.896396,17.861368],[-88.896396,17.861386]]}},{"type":"Feature","properties":{"site":"Blue Creek Central Precinct","t":"line"},"geometry":{"type":"LineString","coordinates":[[-88.896396,17.861386],[-88.896421,17.861385]]}},{"type":"Feature","properties":{"site":"Blue Creek Central Precinct","t":"line"},"geometry":{"type":"LineString","coordinates":[[-88.896421,17.861385],[-88.89642,17.861368]]}},{"type":"Feature","properties":{"site":"Blue Creek Central Precinct","t":"line"},"geometry":{"type":"LineString","coordinates":[[-88.89642,17.861368],[-88.896408,17.86138]]}},{"type":"Feature","properties":{"site":"Blue Creek Central Precinct","t":"line"},"geometry":{"type":"LineString","coordinates":[[-88.896408,17.86138],[-88.896421,17.861385]]}},{"type":"Feature","properties":{"site":"Blue Creek Central Precinct","t":"line"},"geometry":{"type":"LineString","coordinates":[[-88.896408,17.86138],[-88.896396,17.86138]]}},{"type":"Feature","properties":{"site":"Blue Creek Central Precinct","t":"line"},"geometry":{"type":"LineString","coordinates":[[-88.896396,17.86138],[-88.896396,17.861386]]}},{"type":"Feature","properties":{"site":"Blue Creek Central Precinct","t":"line"},"geometry":{"type":"LineString","coordinates":[[-88.896396,17.861368],[-88.896396,17.86138]]}},{"type":"Feature","properties":{"site":"Blue Creek Central Precinct","t":"line"},"geometry":{"type":"LineString","coordinates":[[-88.896433,17.861368],[-88.896433,17.861443]]}},{"type":"Feature","properties":{"site":"Blue Creek Central Precinct","t":"line"},"geometry":{"type":"LineString","coordinates":[[-88.896433,17.861443],[-88.89647,17.861443]]}},{"type":"Feature","properties":{"site":"Blue Creek Central Precinct","t":"line"},"geometry":{"type":"LineString","coordinates":[[-88.89647,17.861443],[-88.896457,17.861431]]}},{"type":"Feature","properties":{"site":"Blue Creek Central Precinct","t":"line"},"geometry":{"type":"LineString","coordinates":[[-88.896457,17.861431],[-88.896433,17.861443]]}},{"type":"Feature","properties":{"site":"Blue Creek Central Precinct","t":"line"},"geometry":{"type":"LineString","coordinates":[[-88.896457,17.861431],[-88.896457,17.861379]]}},{"type":"Feature","properties":{"site":"Blue Creek Central Precinct","t":"line"},"geometry":{"type":"LineString","coordinates":[[-88.896457,17.861379],[-88.896469,17.861368]]}},{"type":"Feature","properties":{"site":"Blue Creek Central Precinct","t":"line"},"geometry":{"type":"LineString","coordinates":[[-88.896433,17.861368],[-88.896457,17.861379]]}},{"type":"Feature","properties":{"site":"Blue Creek Central Precinct","t":"line"},"geometry":{"type":"LineString","coordinates":[[-88.896439,17.861443],[-88.896458,17.861454]]}},{"type":"Feature","properties":{"site":"Blue Creek Central Precinct","t":"line"},"geometry":{"type":"LineString","coordinates":[[-88.896458,17.861454],[-88.89647,17.861443]]}},{"type":"Feature","properties":{"site":"Blue Creek Central Precinct","t":"line"},"geometry":{"type":"LineString","coordinates":[[-88.896458,17.861454],[-88.896458,17.861483]]}},{"type":"Feature","properties":{"site":"Blue Creek Central Precinct","t":"line"},"geometry":{"type":"LineString","coordinates":[[-88.896458,17.861483],[-88.89644,17.861495]]}},{"type":"Feature","properties":{"site":"Blue Creek Central Precinct","t":"line"},"geometry":{"type":"LineString","coordinates":[[-88.89644,17.861495],[-88.89647,17.861495]]}},{"type":"Feature","properties":{"site":"Blue Creek Central Precinct","t":"line"},"geometry":{"type":"LineString","coordinates":[[-88.89647,17.861495],[-88.896458,17.861483]]}},{"type":"Feature","properties":{"site":"Blue Creek Central Precinct","t":"line"},"geometry":{"type":"LineString","coordinates":[[-88.896439,17.861443],[-88.89644,17.861466]]}},{"type":"Feature","properties":{"site":"Blue Creek Central Precinct","t":"line"},"geometry":{"type":"LineString","coordinates":[[-88.89644,17.861466],[-88.89644,17.861495]]}},{"type":"Feature","properties":{"site":"Blue Creek Central Precinct","t":"line"},"geometry":{"type":"LineString","coordinates":[[-88.89644,17.861495],[-88.89644,17.861518]]}},{"type":"Feature","properties":{"site":"Blue Creek Central Precinct","t":"line"},"geometry":{"type":"LineString","coordinates":[[-88.89644,17.861518],[-88.896441,17.861587]]}},{"type":"Feature","properties":{"site":"Blue Creek Central Precinct","t":"line"},"geometry":{"type":"LineString","coordinates":[[-88.896441,17.861587],[-88.896459,17.861576]]}},{"type":"Feature","properties":{"site":"Blue Creek Central Precinct","t":"line"},"geometry":{"type":"LineString","coordinates":[[-88.896459,17.861576],[-88.896471,17.861587]]}},{"type":"Feature","properties":{"site":"Blue Creek Central Precinct","t":"line"},"geometry":{"type":"LineString","coordinates":[[-88.896459,17.861576],[-88.896458,17.86153]]}},{"type":"Feature","properties":{"site":"Blue Creek Central Precinct","t":"line"},"geometry":{"type":"LineString","coordinates":[[-88.896458,17.86153],[-88.89647,17.861518]]}},{"type":"Feature","properties":{"site":"Blue Creek Central Precinct","t":"line"},"geometry":{"type":"LineString","coordinates":[[-88.89647,17.861518],[-88.89644,17.861518]]}},{"type":"Feature","properties":{"site":"Blue Creek Central Precinct","t":"line"},"geometry":{"type":"LineString","coordinates":[[-88.89644,17.861518],[-88.896458,17.86153]]}},{"type":"Feature","properties":{"site":"Blue Creek Central Precinct","t":"line"},"geometry":{"type":"LineString","coordinates":[[-88.896441,17.86157],[-88.896429,17.86157]]}},{"type":"Feature","properties":{"site":"Blue Creek Central Precinct","t":"line"},"geometry":{"type":"LineString","coordinates":[[-88.896429,17.86157],[-88.896404,17.861571]]}},{"type":"Feature","properties":{"site":"Blue Creek Central Precinct","t":"line"},"geometry":{"type":"LineString","coordinates":[[-88.896404,17.861571],[-88.896374,17.861571]]}},{"type":"Feature","properties":{"site":"Blue Creek Central Precinct","t":"line"},"geometry":{"type":"LineString","coordinates":[[-88.896374,17.861571],[-88.896356,17.861571]]}},{"type":"Feature","properties":{"site":"Blue Creek Central Precinct","t":"line"},"geometry":{"type":"LineString","coordinates":[[-88.896356,17.861571],[-88.896338,17.861571]]}},{"type":"Feature","properties":{"site":"Blue Creek Central Precinct","t":"line"},"geometry":{"type":"LineString","coordinates":[[-88.896338,17.861571],[-88.896326,17.861571]]}},{"type":"Feature","properties":{"site":"Blue Creek Central Precinct","t":"line"},"geometry":{"type":"LineString","coordinates":[[-88.896326,17.861571],[-88.896326,17.861542]]}},{"type":"Feature","properties":{"site":"Blue Creek Central Precinct","t":"line"},"geometry":{"type":"LineString","coordinates":[[-88.896326,17.861542],[-88.896325,17.86149]]}},{"type":"Feature","properties":{"site":"Blue Creek Central Precinct","t":"line"},"geometry":{"type":"LineString","coordinates":[[-88.896325,17.86149],[-88.896325,17.861467]]}},{"type":"Feature","properties":{"site":"Blue Creek Central Precinct","t":"line"},"geometry":{"type":"LineString","coordinates":[[-88.896325,17.861467],[-88.896361,17.861467]]}},{"type":"Feature","properties":{"site":"Blue Creek Central Precinct","t":"line"},"geometry":{"type":"LineString","coordinates":[[-88.896361,17.861467],[-88.896373,17.861467]]}},{"type":"Feature","properties":{"site":"Blue Creek Central Precinct","t":"line"},"geometry":{"type":"LineString","coordinates":[[-88.896373,17.861467],[-88.896403,17.861466]]}},{"type":"Feature","properties":{"site":"Blue Creek Central Precinct","t":"line"},"geometry":{"type":"LineString","coordinates":[[-88.896403,17.861466],[-88.896409,17.861466]]}},{"type":"Feature","properties":{"site":"Blue Creek Central Precinct","t":"line"},"geometry":{"type":"LineString","coordinates":[[-88.896409,17.861466],[-88.89644,17.861466]]}},{"type":"Feature","properties":{"site":"Blue Creek Central Precinct","t":"line"},"geometry":{"type":"LineString","coordinates":[[-88.89644,17.861466],[-88.896434,17.861483]]}},{"type":"Feature","properties":{"site":"Blue Creek Central Precinct","t":"line"},"geometry":{"type":"LineString","coordinates":[[-88.896434,17.861483],[-88.89641,17.861484]]}},{"type":"Feature","properties":{"site":"Blue Creek Central Precinct","t":"line"},"geometry":{"type":"LineString","coordinates":[[-88.89641,17.861484],[-88.89641,17.861559]]}},{"type":"Feature","properties":{"site":"Blue Creek Central Precinct","t":"line"},"geometry":{"type":"LineString","coordinates":[[-88.89641,17.861559],[-88.896435,17.861559]]}},{"type":"Feature","properties":{"site":"Blue Creek Central Precinct","t":"line"},"geometry":{"type":"LineString","coordinates":[[-88.896435,17.861559],[-88.896434,17.861483]]}},{"type":"Feature","properties":{"site":"Blue Creek Central Precinct","t":"line"},"geometry":{"type":"LineString","coordinates":[[-88.896435,17.861559],[-88.896441,17.86157]]}},{"type":"Feature","properties":{"site":"Blue Creek Central Precinct","t":"line"},"geometry":{"type":"LineString","coordinates":[[-88.89641,17.861559],[-88.896404,17.861571]]}},{"type":"Feature","properties":{"site":"Blue Creek Central Precinct","t":"line"},"geometry":{"type":"LineString","coordinates":[[-88.896404,17.861571],[-88.896403,17.861466]]}},{"type":"Feature","properties":{"site":"Blue Creek Central Precinct","t":"line"},"geometry":{"type":"LineString","coordinates":[[-88.896403,17.861466],[-88.89641,17.861484]]}},{"type":"Feature","properties":{"site":"Blue Creek Central Precinct","t":"line"},"geometry":{"type":"LineString","coordinates":[[-88.896373,17.861467],[-88.896374,17.861571]]}},{"type":"Feature","properties":{"site":"Blue Creek Central Precinct","t":"line"},"geometry":{"type":"LineString","coordinates":[[-88.896374,17.861571],[-88.896368,17.861554]]}},{"type":"Feature","properties":{"site":"Blue Creek Central Precinct","t":"line"},"geometry":{"type":"LineString","coordinates":[[-88.896368,17.861554],[-88.896367,17.861478]]}},{"type":"Feature","properties":{"site":"Blue Creek Central Precinct","t":"line"},"geometry":{"type":"LineString","coordinates":[[-88.896367,17.861478],[-88.896331,17.861479]]}},{"type":"Feature","properties":{"site":"Blue Creek Central Precinct","t":"line"},"geometry":{"type":"LineString","coordinates":[[-88.896331,17.861479],[-88.896332,17.861554]]}},{"type":"Feature","properties":{"site":"Blue Creek Central Precinct","t":"line"},"geometry":{"type":"LineString","coordinates":[[-88.896332,17.861554],[-88.896368,17.861554]]}},{"type":"Feature","properties":{"site":"Blue Creek Central Precinct","t":"line"},"geometry":{"type":"LineString","coordinates":[[-88.896332,17.861554],[-88.896326,17.861571]]}},{"type":"Feature","properties":{"site":"Blue Creek Central Precinct","t":"line"},"geometry":{"type":"LineString","coordinates":[[-88.896325,17.861467],[-88.896331,17.861479]]}},{"type":"Feature","properties":{"site":"Blue Creek Central Precinct","t":"line"},"geometry":{"type":"LineString","coordinates":[[-88.896373,17.861467],[-88.896367,17.861478]]}},{"type":"Feature","properties":{"site":"Blue Creek Central Precinct","t":"line"},"geometry":{"type":"LineString","coordinates":[[-88.896409,17.861466],[-88.896409,17.861432]]}},{"type":"Feature","properties":{"site":"Blue Creek Central Precinct","t":"line"},"geometry":{"type":"LineString","coordinates":[[-88.896409,17.861432],[-88.896397,17.861432]]}},{"type":"Feature","properties":{"site":"Blue Creek Central Precinct","t":"line"},"geometry":{"type":"LineString","coordinates":[[-88.896397,17.861432],[-88.896397,17.861455]]}},{"type":"Feature","properties":{"site":"Blue Creek Central Precinct","t":"line"},"geometry":{"type":"LineString","coordinates":[[-88.896397,17.861455],[-88.896361,17.861455]]}},{"type":"Feature","properties":{"site":"Blue Creek Central Precinct","t":"line"},"geometry":{"type":"LineString","coordinates":[[-88.896361,17.861455],[-88.896361,17.861467]]}},{"type":"Feature","properties":{"site":"Blue Creek Central Precinct","t":"line"},"geometry":{"type":"LineString","coordinates":[[-88.896361,17.861467],[-88.896367,17.861461]]}},{"type":"Feature","properties":{"site":"Blue Creek Central Precinct","t":"line"},"geometry":{"type":"LineString","coordinates":[[-88.896367,17.861461],[-88.896403,17.861461]]}},{"type":"Feature","properties":{"site":"Blue Creek Central Precinct","t":"line"},"geometry":{"type":"LineString","coordinates":[[-88.896403,17.861461],[-88.896409,17.861466]]}},{"type":"Feature","properties":{"site":"Blue Creek Central Precinct","t":"line"},"geometry":{"type":"LineString","coordinates":[[-88.896403,17.861461],[-88.896403,17.861443]]}},{"type":"Feature","properties":{"site":"Blue Creek Central Precinct","t":"line"},"geometry":{"type":"LineString","coordinates":[[-88.896403,17.861443],[-88.896409,17.861432]]}},{"type":"Feature","properties":{"site":"Blue Creek Central Precinct","t":"line"},"geometry":{"type":"LineString","coordinates":[[-88.896397,17.861432],[-88.896403,17.861443]]}},{"type":"Feature","properties":{"site":"Blue Creek Central Precinct","t":"line"},"geometry":{"type":"LineString","coordinates":[[-88.896361,17.861455],[-88.896367,17.861461]]}},{"type":"Feature","properties":{"site":"Blue Creek Central Precinct","t":"line"},"geometry":{"type":"LineString","coordinates":[[-88.896325,17.861444],[-88.896325,17.861467]]}},{"type":"Feature","properties":{"site":"Blue Creek Central Precinct","t":"line"},"geometry":{"type":"LineString","coordinates":[[-88.896325,17.86149],[-88.896289,17.861491]]}},{"type":"Feature","properties":{"site":"Blue Creek Central Precinct","t":"line"},"geometry":{"type":"LineString","coordinates":[[-88.896289,17.861491],[-88.896307,17.861479]]}},{"type":"Feature","properties":{"site":"Blue Creek Central Precinct","t":"line"},"geometry":{"type":"LineString","coordinates":[[-88.896307,17.861479],[-88.896307,17.861456]]}},{"type":"Feature","properties":{"site":"Blue Creek Central Precinct","t":"line"},"geometry":{"type":"LineString","coordinates":[[-88.896307,17.861456],[-88.896288,17.861444]]}},{"type":"Feature","properties":{"site":"Blue Creek Central Precinct","t":"line"},"geometry":{"type":"LineString","coordinates":[[-88.896325,17.861444],[-88.896307,17.861456]]}},{"type":"Feature","properties":{"site":"Blue Creek Central Precinct","t":"line"},"geometry":{"type":"LineString","coordinates":[[-88.896307,17.861479],[-88.896325,17.86149]]}},{"type":"Feature","properties":{"site":"Blue Creek Central Precinct","t":"line"},"geometry":{"type":"LineString","coordinates":[[-88.896308,17.86156],[-88.896308,17.861577]]}},{"type":"Feature","properties":{"site":"Blue Creek Central Precinct","t":"line"},"geometry":{"type":"LineString","coordinates":[[-88.896308,17.861577],[-88.896326,17.861577]]}},{"type":"Feature","properties":{"site":"Blue Creek Central Precinct","t":"line"},"geometry":{"type":"LineString","coordinates":[[-88.896326,17.861577],[-88.896338,17.861588]]}},{"type":"Feature","properties":{"site":"Blue Creek Central Precinct","t":"line"},"geometry":{"type":"LineString","coordinates":[[-88.896338,17.861588],[-88.896338,17.861571]]}},{"type":"Feature","properties":{"site":"Blue Creek Central Precinct","t":"line"},"geometry":{"type":"LineString","coordinates":[[-88.896338,17.861571],[-88.896326,17.861577]]}},{"type":"Feature","properties":{"site":"Blue Creek Central Precinct","t":"line"},"geometry":{"type":"LineString","coordinates":[[-88.896356,17.861571],[-88.896356,17.861588]]}},{"type":"Feature","properties":{"site":"Blue Creek Central Precinct","t":"line"},"geometry":{"type":"LineString","coordinates":[[-88.896356,17.861588],[-88.896368,17.861577]]}},{"type":"Feature","properties":{"site":"Blue Creek Central Precinct","t":"line"},"geometry":{"type":"LineString","coordinates":[[-88.896368,17.861577],[-88.896356,17.861571]]}},{"type":"Feature","properties":{"site":"Blue Creek Central Precinct","t":"line"},"geometry":{"type":"LineString","coordinates":[[-88.896368,17.861577],[-88.896423,17.861576]]}},{"type":"Feature","properties":{"site":"Blue Creek Central Precinct","t":"line"},"geometry":{"type":"LineString","coordinates":[[-88.896423,17.861576],[-88.896429,17.861588]]}},{"type":"Feature","properties":{"site":"Blue Creek Central Precinct","t":"line"},"geometry":{"type":"LineString","coordinates":[[-88.896429,17.861588],[-88.896429,17.86157]]}},{"type":"Feature","properties":{"site":"Blue Creek Central Precinct","t":"line"},"geometry":{"type":"LineString","coordinates":[[-88.896429,17.86157],[-88.896423,17.861576]]}},{"type":"Feature","properties":{"site":"Blue Creek Central Precinct","t":"line"},"geometry":{"type":"LineString","coordinates":[[-88.896467,17.861755],[-88.896468,17.861865]]}},{"type":"Feature","properties":{"site":"Blue Creek Central Precinct","t":"line"},"geometry":{"type":"LineString","coordinates":[[-88.896468,17.861865],[-88.896396,17.861865]]}},{"type":"Feature","properties":{"site":"Blue Creek Central Precinct","t":"line"},"geometry":{"type":"LineString","coordinates":[[-88.896396,17.861865],[-88.896394,17.861756]]}},{"type":"Feature","properties":{"site":"Blue Creek Central Precinct","t":"line"},"geometry":{"type":"LineString","coordinates":[[-88.896394,17.861756],[-88.896467,17.861755]]}},{"type":"Feature","properties":{"site":"Blue Creek Central Precinct","t":"line"},"geometry":{"type":"LineString","coordinates":[[-88.896467,17.861755],[-88.896425,17.861773]]}},{"type":"Feature","properties":{"site":"Blue Creek Central Precinct","t":"line"},"geometry":{"type":"LineString","coordinates":[[-88.896425,17.861773],[-88.896394,17.861756]]}},{"type":"Feature","properties":{"site":"Blue Creek Central Precinct","t":"line"},"geometry":{"type":"LineString","coordinates":[[-88.896425,17.861773],[-88.896425,17.861842]]}},{"type":"Feature","properties":{"site":"Blue Creek Central Precinct","t":"line"},"geometry":{"type":"LineString","coordinates":[[-88.896425,17.861842],[-88.896396,17.861865]]}},{"type":"Feature","properties":{"site":"Blue Creek Central Precinct","t":"line"},"geometry":{"type":"LineString","coordinates":[[-88.896425,17.861842],[-88.896468,17.861865]]}},{"type":"Feature","properties":{"site":"Blue Creek Central Precinct","t":"line"},"geometry":{"type":"LineString","coordinates":[[-88.896472,17.861651],[-88.89656,17.861968]]}},{"type":"Feature","properties":{"site":"Blue Creek Central Precinct","t":"line"},"geometry":{"type":"LineString","coordinates":[[-88.896107,17.861423],[-88.896197,17.861948]]}},{"type":"Feature","properties":{"site":"Blue Creek Central Precinct","t":"line"},"geometry":{"type":"LineString","coordinates":[[-88.89656,17.861968],[-88.89655,17.862217]]}},{"type":"Feature","properties":{"site":"Blue Creek Central Precinct","t":"line"},"geometry":{"type":"LineString","coordinates":[[-88.89655,17.862217],[-88.89655,17.862234]]}},{"type":"Feature","properties":{"site":"Blue Creek Central Precinct","t":"line"},"geometry":{"type":"LineString","coordinates":[[-88.89655,17.862234],[-88.896551,17.862269]]}},{"type":"Feature","properties":{"site":"Blue Creek Central Precinct","t":"line"},"geometry":{"type":"LineString","coordinates":[[-88.896551,17.862269],[-88.896551,17.862332]]}},{"type":"Feature","properties":{"site":"Blue Creek Central Precinct","t":"line"},"geometry":{"type":"LineString","coordinates":[[-88.896551,17.862332],[-88.89642,17.862472]]}},{"type":"Feature","properties":{"site":"Blue Creek Central Precinct","t":"line"},"geometry":{"type":"LineString","coordinates":[[-88.89642,17.862472],[-88.896451,17.862547]]}},{"type":"Feature","properties":{"site":"Blue Creek Central Precinct","t":"line"},"geometry":{"type":"LineString","coordinates":[[-88.896451,17.862547],[-88.896221,17.862532]]}},{"type":"Feature","properties":{"site":"Blue Creek Central Precinct","t":"line"},"geometry":{"type":"LineString","coordinates":[[-88.896221,17.862532],[-88.896281,17.862427]]}},{"type":"Feature","properties":{"site":"Blue Creek Central Precinct","t":"line"},"geometry":{"type":"LineString","coordinates":[[-88.896281,17.862427],[-88.896231,17.862307]]}},{"type":"Feature","properties":{"site":"Blue Creek Central Precinct","t":"line"},"geometry":{"type":"LineString","coordinates":[[-88.896231,17.862307],[-88.896197,17.861948]]}},{"type":"Feature","properties":{"site":"Blue Creek Central Precinct","t":"line"},"geometry":{"type":"LineString","coordinates":[[-88.896221,17.862532],[-88.896335,17.862456]]}},{"type":"Feature","properties":{"site":"Blue Creek Central Precinct","t":"line"},"geometry":{"type":"LineString","coordinates":[[-88.896335,17.862456],[-88.896366,17.862456]]}},{"type":"Feature","properties":{"site":"Blue Creek Central Precinct","t":"line"},"geometry":{"type":"LineString","coordinates":[[-88.896366,17.862456],[-88.896365,17.862432]]}},{"type":"Feature","properties":{"site":"Blue Creek Central Precinct","t":"line"},"geometry":{"type":"LineString","coordinates":[[-88.896365,17.862432],[-88.896335,17.862433]]}},{"type":"Feature","properties":{"site":"Blue Creek Central Precinct","t":"line"},"geometry":{"type":"LineString","coordinates":[[-88.896335,17.862433],[-88.896335,17.862456]]}},{"type":"Feature","properties":{"site":"Blue Creek Central Precinct","t":"line"},"geometry":{"type":"LineString","coordinates":[[-88.89628,17.862364],[-88.896335,17.862433]]}},{"type":"Feature","properties":{"site":"Blue Creek Central Precinct","t":"line"},"geometry":{"type":"LineString","coordinates":[[-88.89628,17.862364],[-88.896281,17.862427]]}},{"type":"Feature","properties":{"site":"Blue Creek Central Precinct","t":"line"},"geometry":{"type":"LineString","coordinates":[[-88.89628,17.862364],[-88.896431,17.862362]]}},{"type":"Feature","properties":{"site":"Blue Creek Central Precinct","t":"line"},"geometry":{"type":"LineString","coordinates":[[-88.896431,17.862362],[-88.896365,17.862432]]}},{"type":"Feature","properties":{"site":"Blue Creek Central Precinct","t":"line"},"geometry":{"type":"LineString","coordinates":[[-88.896431,17.862362],[-88.89642,17.862472]]}},{"type":"Feature","properties":{"site":"Blue Creek Central Precinct","t":"line"},"geometry":{"type":"LineString","coordinates":[[-88.896366,17.862456],[-88.896451,17.862547]]}},{"type":"Feature","properties":{"site":"Blue Creek Central Precinct","t":"line"},"geometry":{"type":"LineString","coordinates":[[-88.896463,17.861992],[-88.896464,17.862027]]}},{"type":"Feature","properties":{"site":"Blue Creek Central Precinct","t":"line"},"geometry":{"type":"LineString","coordinates":[[-88.896464,17.862027],[-88.896403,17.862033]]}},{"type":"Feature","properties":{"site":"Blue Creek Central Precinct","t":"line"},"geometry":{"type":"LineString","coordinates":[[-88.896403,17.862033],[-88.896379,17.861999]]}},{"type":"Feature","properties":{"site":"Blue Creek Central Precinct","t":"line"},"geometry":{"type":"LineString","coordinates":[[-88.896379,17.861999],[-88.896463,17.861992]]}},{"type":"Feature","properties":{"site":"Blue Creek Central Precinct","t":"line"},"geometry":{"type":"LineString","coordinates":[[-88.896463,17.861992],[-88.896439,17.862004]]}},{"type":"Feature","properties":{"site":"Blue Creek Central Precinct","t":"line"},"geometry":{"type":"LineString","coordinates":[[-88.896439,17.862004],[-88.896409,17.862004]]}},{"type":"Feature","properties":{"site":"Blue Creek Central Precinct","t":"line"},"geometry":{"type":"LineString","coordinates":[[-88.896409,17.862004],[-88.896403,17.862033]]}},{"type":"Feature","properties":{"site":"Blue Creek Central Precinct","t":"line"},"geometry":{"type":"LineString","coordinates":[[-88.896379,17.861999],[-88.896409,17.862004]]}},{"type":"Feature","properties":{"site":"Blue Creek Central Precinct","t":"line"},"geometry":{"type":"LineString","coordinates":[[-88.896439,17.862004],[-88.896464,17.862027]]}},{"type":"Feature","properties":{"site":"Blue Creek Central Precinct","t":"line"},"geometry":{"type":"LineString","coordinates":[[-88.89655,17.862217],[-88.896538,17.862217]]}},{"type":"Feature","properties":{"site":"Blue Creek Central Precinct","t":"line"},"geometry":{"type":"LineString","coordinates":[[-88.896538,17.862217],[-88.896538,17.862234]]}},{"type":"Feature","properties":{"site":"Blue Creek Central Precinct","t":"line"},"geometry":{"type":"LineString","coordinates":[[-88.896538,17.862234],[-88.89655,17.862234]]}},{"type":"Feature","properties":{"site":"Blue Creek Central Precinct","t":"line"},"geometry":{"type":"LineString","coordinates":[[-88.89655,17.862234],[-88.896544,17.862234]]}},{"type":"Feature","properties":{"site":"Blue Creek Central Precinct","t":"line"},"geometry":{"type":"LineString","coordinates":[[-88.896544,17.862234],[-88.896544,17.862223]]}},{"type":"Feature","properties":{"site":"Blue Creek Central Precinct","t":"line"},"geometry":{"type":"LineString","coordinates":[[-88.896544,17.862223],[-88.896538,17.862217]]}},{"type":"Feature","properties":{"site":"Blue Creek Central Precinct","t":"line"},"geometry":{"type":"LineString","coordinates":[[-88.89655,17.862217],[-88.896544,17.862223]]}},{"type":"Feature","properties":{"site":"Blue Creek Central Precinct","t":"line"},"geometry":{"type":"LineString","coordinates":[[-88.896544,17.862234],[-88.896538,17.862234]]}},{"type":"Feature","properties":{"site":"Blue Creek Central Precinct","t":"line"},"geometry":{"type":"LineString","coordinates":[[-88.896539,17.862269],[-88.896551,17.862269]]}},{"type":"Feature","properties":{"site":"Blue Creek Central Precinct","t":"line"},"geometry":{"type":"LineString","coordinates":[[-88.896551,17.862269],[-88.896545,17.862263]]}},{"type":"Feature","properties":{"site":"Blue Creek Central Precinct","t":"line"},"geometry":{"type":"LineString","coordinates":[[-88.896545,17.862263],[-88.896545,17.862251]]}},{"type":"Feature","properties":{"site":"Blue Creek Central Precinct","t":"line"},"geometry":{"type":"LineString","coordinates":[[-88.896545,17.862251],[-88.89655,17.862234]]}},{"type":"Feature","properties":{"site":"Blue Creek Central Precinct","t":"line"},"geometry":{"type":"LineString","coordinates":[[-88.896538,17.862234],[-88.896545,17.862251]]}},{"type":"Feature","properties":{"site":"Blue Creek Central Precinct","t":"line"},"geometry":{"type":"LineString","coordinates":[[-88.896545,17.862263],[-88.896539,17.862269]]}},{"type":"Feature","properties":{"site":"Blue Creek Central Precinct","t":"line"},"geometry":{"type":"LineString","coordinates":[[-88.896539,17.862269],[-88.896539,17.862332]]}},{"type":"Feature","properties":{"site":"Blue Creek Central Precinct","t":"line"},"geometry":{"type":"LineString","coordinates":[[-88.896539,17.862332],[-88.896551,17.862332]]}},{"type":"Feature","properties":{"site":"Blue Creek Central Precinct","t":"line"},"geometry":{"type":"LineString","coordinates":[[-88.896551,17.862332],[-88.896545,17.862327]]}},{"type":"Feature","properties":{"site":"Blue Creek Central Precinct","t":"line"},"geometry":{"type":"LineString","coordinates":[[-88.896545,17.862327],[-88.896545,17.862286]]}},{"type":"Feature","properties":{"site":"Blue Creek Central Precinct","t":"line"},"geometry":{"type":"LineString","coordinates":[[-88.896545,17.862286],[-88.896551,17.862269]]}},{"type":"Feature","properties":{"site":"Blue Creek Central Precinct","t":"line"},"geometry":{"type":"LineString","coordinates":[[-88.896539,17.862269],[-88.896545,17.862286]]}},{"type":"Feature","properties":{"site":"Blue Creek Central Precinct","t":"line"},"geometry":{"type":"LineString","coordinates":[[-88.896545,17.862327],[-88.896539,17.862332]]}},{"type":"Feature","properties":{"site":"Blue Creek Central Precinct","t":"line"},"geometry":{"type":"LineString","coordinates":[[-88.896538,17.862234],[-88.896539,17.862269]]}},{"type":"Feature","properties":{"site":"Blue Creek Central Precinct","t":"line"},"geometry":{"type":"LineString","coordinates":[[-88.896326,17.861542],[-88.896289,17.861543]]}},{"type":"Feature","properties":{"site":"Blue Creek Central Precinct","t":"line"},"geometry":{"type":"LineString","coordinates":[[-88.896289,17.861543],[-88.896308,17.86156]]}},{"type":"Feature","properties":{"site":"Blue Creek Central Precinct","t":"line"},"geometry":{"type":"LineString","coordinates":[[-88.896308,17.86156],[-88.896326,17.861542]]}},{"type":"Feature","properties":{"site":"Blue Creek Central Precinct","t":"line"},"geometry":{"type":"LineString","coordinates":[[-88.896257,17.861335],[-88.896288,17.861369]]}},{"type":"Feature","properties":{"site":"Blue Creek Central Precinct","t":"line"},"geometry":{"type":"LineString","coordinates":[[-88.896288,17.861369],[-88.896324,17.861386]]}},{"type":"Feature","properties":{"site":"Blue Creek Central Precinct","t":"line"},"geometry":{"type":"LineString","coordinates":[[-88.896258,17.861398],[-88.896125,17.8614]]}},{"type":"Feature","properties":{"site":"Blue Creek Central Precinct","t":"line"},"geometry":{"type":"LineString","coordinates":[[-88.896236,17.861653],[-88.896234,17.861428]]}},{"type":"Feature","properties":{"site":"Blue Creek Central Precinct","t":"line"},"geometry":{"type":"LineString","coordinates":[[-88.896234,17.861428],[-88.896107,17.861423]]}},{"type":"Feature","properties":{"site":"Blue Creek Central Precinct","t":"line"},"geometry":{"type":"LineString","coordinates":[[-88.896258,17.861398],[-88.896234,17.861428]]}},{"type":"Feature","properties":{"site":"Blue Creek Central Precinct","t":"line"},"geometry":{"type":"LineString","coordinates":[[-88.894685,17.860546],[-88.894686,17.860703]]}},{"type":"Feature","properties":{"site":"Blue Creek Central Precinct","t":"line"},"geometry":{"type":"LineString","coordinates":[[-88.894686,17.860703],[-88.89465,17.860691]]}},{"type":"Feature","properties":{"site":"Blue Creek Central Precinct","t":"line"},"geometry":{"type":"LineString","coordinates":[[-88.89465,17.860691],[-88.894614,17.860692]]}},{"type":"Feature","properties":{"site":"Blue Creek Central Precinct","t":"line"},"geometry":{"type":"LineString","coordinates":[[-88.894614,17.860692],[-88.894613,17.860582]]}},{"type":"Feature","properties":{"site":"Blue Creek Central Precinct","t":"line"},"geometry":{"type":"LineString","coordinates":[[-88.894613,17.860582],[-88.894649,17.860581]]}},{"type":"Feature","properties":{"site":"Blue Creek Central Precinct","t":"line"},"geometry":{"type":"LineString","coordinates":[[-88.894649,17.860581],[-88.894685,17.860546]]}},{"type":"Feature","properties":{"site":"Blue Creek Central Precinct","t":"line"},"geometry":{"type":"LineString","coordinates":[[-88.894685,17.860546],[-88.894661,17.860599]]}},{"type":"Feature","properties":{"site":"Blue Creek Central Precinct","t":"line"},"geometry":{"type":"LineString","coordinates":[[-88.894661,17.860599],[-88.894662,17.860668]]}},{"type":"Feature","properties":{"site":"Blue Creek Central Precinct","t":"line"},"geometry":{"type":"LineString","coordinates":[[-88.894662,17.860668],[-88.894632,17.860668]]}},{"type":"Feature","properties":{"site":"Blue Creek Central Precinct","t":"line"},"geometry":{"type":"LineString","coordinates":[[-88.894632,17.860668],[-88.894631,17.860599]]}},{"type":"Feature","properties":{"site":"Blue Creek Central Precinct","t":"line"},"geometry":{"type":"LineString","coordinates":[[-88.894631,17.860599],[-88.894661,17.860599]]}},{"type":"Feature","properties":{"site":"Blue Creek Central Precinct","t":"line"},"geometry":{"type":"LineString","coordinates":[[-88.894613,17.860582],[-88.894631,17.860599]]}},{"type":"Feature","properties":{"site":"Blue Creek Central Precinct","t":"line"},"geometry":{"type":"LineString","coordinates":[[-88.894632,17.860668],[-88.894614,17.860692]]}},{"type":"Feature","properties":{"site":"Blue Creek Central Precinct","t":"line"},"geometry":{"type":"LineString","coordinates":[[-88.894662,17.860668],[-88.894686,17.860703]]}},{"type":"Feature","properties":{"site":"Blue Creek Central Precinct","t":"line"},"geometry":{"type":"LineString","coordinates":[[-88.894614,17.860692],[-88.894578,17.860692]]}},{"type":"Feature","properties":{"site":"Blue Creek Central Precinct","t":"line"},"geometry":{"type":"LineString","coordinates":[[-88.894578,17.860692],[-88.894596,17.860703]]}},{"type":"Feature","properties":{"site":"Blue Creek Central Precinct","t":"line"},"geometry":{"type":"LineString","coordinates":[[-88.894596,17.860703],[-88.894596,17.860732]]}},{"type":"Feature","properties":{"site":"Blue Creek Central Precinct","t":"line"},"geometry":{"type":"LineString","coordinates":[[-88.894596,17.860732],[-88.894415,17.860728]]}},{"type":"Feature","properties":{"site":"Blue Creek Central Precinct","t":"line"},"geometry":{"type":"LineString","coordinates":[[-88.894415,17.860728],[-88.894451,17.860699]]}},{"type":"Feature","properties":{"site":"Blue Creek Central Precinct","t":"line"},"geometry":{"type":"LineString","coordinates":[[-88.894451,17.860699],[-88.894462,17.860647]]}},{"type":"Feature","properties":{"site":"Blue Creek Central Precinct","t":"line"},"geometry":{"type":"LineString","coordinates":[[-88.894462,17.860647],[-88.894462,17.860606]]}},{"type":"Feature","properties":{"site":"Blue Creek Central Precinct","t":"line"},"geometry":{"type":"LineString","coordinates":[[-88.894462,17.860606],[-88.894473,17.860531]]}},{"type":"Feature","properties":{"site":"Blue Creek Central Precinct","t":"line"},"geometry":{"type":"LineString","coordinates":[[-88.894473,17.860531],[-88.894473,17.860479]]}},{"type":"Feature","properties":{"site":"Blue Creek Central Precinct","t":"line"},"geometry":{"type":"LineString","coordinates":[[-88.894473,17.860479],[-88.894448,17.86045]]}},{"type":"Feature","properties":{"site":"Blue Creek Central Precinct","t":"line"},"geometry":{"type":"LineString","coordinates":[[-88.894448,17.86045],[-88.894629,17.860449]]}},{"type":"Feature","properties":{"site":"Blue Creek Central Precinct","t":"line"},"geometry":{"type":"LineString","coordinates":[[-88.894629,17.860449],[-88.894594,17.860484]]}},{"type":"Feature","properties":{"site":"Blue Creek Central Precinct","t":"line"},"geometry":{"type":"LineString","coordinates":[[-88.894594,17.860484],[-88.894594,17.860536]]}},{"type":"Feature","properties":{"site":"Blue Creek Central Precinct","t":"line"},"geometry":{"type":"LineString","coordinates":[[-88.894594,17.860536],[-88.894473,17.860531]]}},{"type":"Feature","properties":{"site":"Blue Creek Central Precinct","t":"line"},"geometry":{"type":"LineString","coordinates":[[-88.894473,17.860531],[-88.894491,17.860502]]}},{"type":"Feature","properties":{"site":"Blue Creek Central Precinct","t":"line"},"geometry":{"type":"LineString","coordinates":[[-88.894491,17.860502],[-88.894448,17.86045]]}},{"type":"Feature","properties":{"site":"Blue Creek Central Precinct","t":"line"},"geometry":{"type":"LineString","coordinates":[[-88.894491,17.860502],[-88.894582,17.860501]]}},{"type":"Feature","properties":{"site":"Blue Creek Central Precinct","t":"line"},"geometry":{"type":"LineString","coordinates":[[-88.894582,17.860501],[-88.894629,17.860449]]}},{"type":"Feature","properties":{"site":"Blue Creek Central Precinct","t":"line"},"geometry":{"type":"LineString","coordinates":[[-88.894582,17.860501],[-88.894594,17.860536]]}},{"type":"Feature","properties":{"site":"Blue Creek Central Precinct","t":"line"},"geometry":{"type":"LineString","coordinates":[[-88.894594,17.860484],[-88.894649,17.860581]]}},{"type":"Feature","properties":{"site":"Blue Creek Central Precinct","t":"line"},"geometry":{"type":"LineString","coordinates":[[-88.894578,17.860692],[-88.894583,17.860605]]}},{"type":"Feature","properties":{"site":"Blue Creek Central Precinct","t":"line"},"geometry":{"type":"LineString","coordinates":[[-88.894583,17.860605],[-88.894462,17.860606]]}},{"type":"Feature","properties":{"site":"Blue Creek Central Precinct","t":"line"},"geometry":{"type":"LineString","coordinates":[[-88.894462,17.860606],[-88.89448,17.860635]]}},{"type":"Feature","properties":{"site":"Blue Creek Central Precinct","t":"line"},"geometry":{"type":"LineString","coordinates":[[-88.89448,17.860635],[-88.894481,17.860693]]}},{"type":"Feature","properties":{"site":"Blue Creek Central Precinct","t":"line"},"geometry":{"type":"LineString","coordinates":[[-88.894481,17.860693],[-88.894481,17.860699]]}},{"type":"Feature","properties":{"site":"Blue Creek Central Precinct","t":"line"},"geometry":{"type":"LineString","coordinates":[[-88.894481,17.860699],[-88.894548,17.860704]]}},{"type":"Feature","properties":{"site":"Blue Creek Central Precinct","t":"line"},"geometry":{"type":"LineString","coordinates":[[-88.894548,17.860704],[-88.894596,17.860732]]}},{"type":"Feature","properties":{"site":"Blue Creek Central Precinct","t":"line"},"geometry":{"type":"LineString","coordinates":[[-88.894548,17.860704],[-88.894565,17.860663]]}},{"type":"Feature","properties":{"site":"Blue Creek Central Precinct","t":"line"},"geometry":{"type":"LineString","coordinates":[[-88.894565,17.860663],[-88.894565,17.860629]]}},{"type":"Feature","properties":{"site":"Blue Creek Central Precinct","t":"line"},"geometry":{"type":"LineString","coordinates":[[-88.894565,17.860629],[-88.894583,17.860605]]}},{"type":"Feature","properties":{"site":"Blue Creek Central Precinct","t":"line"},"geometry":{"type":"LineString","coordinates":[[-88.894565,17.860629],[-88.894498,17.860623]]}},{"type":"Feature","properties":{"site":"Blue Creek Central Precinct","t":"line"},"geometry":{"type":"LineString","coordinates":[[-88.894498,17.860623],[-88.89448,17.860635]]}},{"type":"Feature","properties":{"site":"Blue Creek Central Precinct","t":"line"},"geometry":{"type":"LineString","coordinates":[[-88.894498,17.860623],[-88.894499,17.860664]]}},{"type":"Feature","properties":{"site":"Blue Creek Central Precinct","t":"line"},"geometry":{"type":"LineString","coordinates":[[-88.894499,17.860664],[-88.894493,17.86067]]}},{"type":"Feature","properties":{"site":"Blue Creek Central Precinct","t":"line"},"geometry":{"type":"LineString","coordinates":[[-88.894493,17.86067],[-88.894481,17.860699]]}},{"type":"Feature","properties":{"site":"Blue Creek Central Precinct","t":"line"},"geometry":{"type":"LineString","coordinates":[[-88.894493,17.86067],[-88.894535,17.860669]]}},{"type":"Feature","properties":{"site":"Blue Creek Central Precinct","t":"line"},"geometry":{"type":"LineString","coordinates":[[-88.894535,17.860669],[-88.894541,17.860663]]}},{"type":"Feature","properties":{"site":"Blue Creek Central Precinct","t":"line"},"geometry":{"type":"LineString","coordinates":[[-88.894541,17.860663],[-88.894565,17.860663]]}},{"type":"Feature","properties":{"site":"Blue Creek Central Precinct","t":"line"},"geometry":{"type":"LineString","coordinates":[[-88.894565,17.860663],[-88.894529,17.860658]]}},{"type":"Feature","properties":{"site":"Blue Creek Central Precinct","t":"line"},"geometry":{"type":"LineString","coordinates":[[-88.894529,17.860658],[-88.894541,17.860663]]}},{"type":"Feature","properties":{"site":"Blue Creek Central Precinct","t":"line"},"geometry":{"type":"LineString","coordinates":[[-88.894529,17.860658],[-88.894529,17.860669]]}},{"type":"Feature","properties":{"site":"Blue Creek Central Precinct","t":"line"},"geometry":{"type":"LineString","coordinates":[[-88.894529,17.860669],[-88.894499,17.860664]]}},{"type":"Feature","properties":{"site":"Blue Creek Central Precinct","t":"line"},"geometry":{"type":"LineString","coordinates":[[-88.894481,17.860693],[-88.894415,17.860728]]}},{"type":"Feature","properties":{"site":"Blue Creek Central Precinct","t":"line"},"geometry":{"type":"LineString","coordinates":[[-88.898478,17.85726],[-88.898481,17.857566]]}},{"type":"Feature","properties":{"site":"Blue Creek Central Precinct","t":"line"},"geometry":{"type":"LineString","coordinates":[[-88.898481,17.857566],[-88.898414,17.857503]]}},{"type":"Feature","properties":{"site":"Blue Creek Central Precinct","t":"line"},"geometry":{"type":"LineString","coordinates":[[-88.898414,17.857503],[-88.898396,17.857492]]}},{"type":"Feature","properties":{"site":"Blue Creek Central Precinct","t":"line"},"geometry":{"type":"LineString","coordinates":[[-88.898396,17.857492],[-88.898378,17.85751]]}},{"type":"Feature","properties":{"site":"Blue Creek Central Precinct","t":"line"},"geometry":{"type":"LineString","coordinates":[[-88.898378,17.85751],[-88.898336,17.857545]]}},{"type":"Feature","properties":{"site":"Blue Creek Central Precinct","t":"line"},"geometry":{"type":"LineString","coordinates":[[-88.898336,17.857545],[-88.898421,17.857538]]}},{"type":"Feature","properties":{"site":"Blue Creek Central Precinct","t":"line"},"geometry":{"type":"LineString","coordinates":[[-88.898421,17.857538],[-88.898481,17.857566]]}},{"type":"Feature","properties":{"site":"Blue Creek Central Precinct","t":"line"},"geometry":{"type":"LineString","coordinates":[[-88.898336,17.857545],[-88.898328,17.857302]]}},{"type":"Feature","properties":{"site":"Blue Creek Central Precinct","t":"line"},"geometry":{"type":"LineString","coordinates":[[-88.898328,17.857302],[-88.89837,17.857336]]}},{"type":"Feature","properties":{"site":"Blue Creek Central Precinct","t":"line"},"geometry":{"type":"LineString","coordinates":[[-88.89837,17.857336],[-88.898383,17.857353]]}},{"type":"Feature","properties":{"site":"Blue Creek Central Precinct","t":"line"},"geometry":{"type":"LineString","coordinates":[[-88.898383,17.857353],[-88.898413,17.857336]]}},{"type":"Feature","properties":{"site":"Blue Creek Central Precinct","t":"line"},"geometry":{"type":"LineString","coordinates":[[-88.898413,17.857336],[-88.898478,17.85726]]}},{"type":"Feature","properties":{"site":"Blue Creek Central Precinct","t":"line"},"geometry":{"type":"LineString","coordinates":[[-88.898478,17.85726],[-88.898418,17.857301]]}},{"type":"Feature","properties":{"site":"Blue Creek Central Precinct","t":"line"},"geometry":{"type":"LineString","coordinates":[[-88.898418,17.857301],[-88.898412,17.857307]]}},{"type":"Feature","properties":{"site":"Blue Creek Central Precinct","t":"line"},"geometry":{"type":"LineString","coordinates":[[-88.898412,17.857307],[-88.898376,17.857313]]}},{"type":"Feature","properties":{"site":"Blue Creek Central Precinct","t":"line"},"geometry":{"type":"LineString","coordinates":[[-88.898376,17.857313],[-88.898364,17.857302]]}},{"type":"Feature","properties":{"site":"Blue Creek Central Precinct","t":"line"},"geometry":{"type":"LineString","coordinates":[[-88.898364,17.857302],[-88.898328,17.857302]]}},{"type":"Feature","properties":{"site":"Blue Creek Central Precinct","t":"line"},"geometry":{"type":"LineString","coordinates":[[-88.898413,17.857336],[-88.89837,17.857336]]}},{"type":"Feature","properties":{"site":"Blue Creek Central Precinct","t":"line"},"geometry":{"type":"LineString","coordinates":[[-88.89837,17.857336],[-88.898377,17.8574]]}},{"type":"Feature","properties":{"site":"Blue Creek Central Precinct","t":"line"},"geometry":{"type":"LineString","coordinates":[[-88.898377,17.8574],[-88.898378,17.857463]]}},{"type":"Feature","properties":{"site":"Blue Creek Central Precinct","t":"line"},"geometry":{"type":"LineString","coordinates":[[-88.898378,17.857463],[-88.898378,17.85751]]}},{"type":"Feature","properties":{"site":"Blue Creek Central Precinct","t":"line"},"geometry":{"type":"LineString","coordinates":[[-88.898378,17.85751],[-88.898414,17.857503]]}},{"type":"Feature","properties":{"site":"Blue Creek Central Precinct","t":"line"},"geometry":{"type":"LineString","coordinates":[[-88.898414,17.857503],[-88.898414,17.857451]]}},{"type":"Feature","properties":{"site":"Blue Creek Central Precinct","t":"line"},"geometry":{"type":"LineString","coordinates":[[-88.898414,17.857451],[-88.898413,17.857388]]}},{"type":"Feature","properties":{"site":"Blue Creek Central Precinct","t":"line"},"geometry":{"type":"LineString","coordinates":[[-88.898413,17.857388],[-88.898413,17.857336]]}},{"type":"Feature","properties":{"site":"Blue Creek Central Precinct","t":"line"},"geometry":{"type":"LineString","coordinates":[[-88.898383,17.857353],[-88.898395,17.857376]]}},{"type":"Feature","properties":{"site":"Blue Creek Central Precinct","t":"line"},"geometry":{"type":"LineString","coordinates":[[-88.898395,17.857376],[-88.898377,17.8574]]}},{"type":"Feature","properties":{"site":"Blue Creek Central Precinct","t":"line"},"geometry":{"type":"LineString","coordinates":[[-88.898377,17.8574],[-88.898413,17.857388]]}},{"type":"Feature","properties":{"site":"Blue Creek Central Precinct","t":"line"},"geometry":{"type":"LineString","coordinates":[[-88.898413,17.857388],[-88.898395,17.857376]]}},{"type":"Feature","properties":{"site":"Blue Creek Central Precinct","t":"line"},"geometry":{"type":"LineString","coordinates":[[-88.898396,17.857492],[-88.898396,17.857475]]}},{"type":"Feature","properties":{"site":"Blue Creek Central Precinct","t":"line"},"geometry":{"type":"LineString","coordinates":[[-88.898396,17.857475],[-88.898378,17.857463]]}},{"type":"Feature","properties":{"site":"Blue Creek Central Precinct","t":"line"},"geometry":{"type":"LineString","coordinates":[[-88.898378,17.857463],[-88.898414,17.857451]]}},{"type":"Feature","properties":{"site":"Blue Creek Central Precinct","t":"line"},"geometry":{"type":"LineString","coordinates":[[-88.898414,17.857451],[-88.898396,17.857475]]}},{"type":"Feature","properties":{"site":"Blue Creek Central Precinct","t":"line"},"geometry":{"type":"LineString","coordinates":[[-88.898364,17.857302],[-88.89835,17.857146]]}},{"type":"Feature","properties":{"site":"Blue Creek Central Precinct","t":"line"},"geometry":{"type":"LineString","coordinates":[[-88.89835,17.857146],[-88.898374,17.857157]]}},{"type":"Feature","properties":{"site":"Blue Creek Central Precinct","t":"line"},"geometry":{"type":"LineString","coordinates":[[-88.898374,17.857157],[-88.898376,17.857313]]}},{"type":"Feature","properties":{"site":"Blue Creek Central Precinct","t":"line"},"geometry":{"type":"LineString","coordinates":[[-88.898412,17.857307],[-88.898411,17.857156]]}},{"type":"Feature","properties":{"site":"Blue Creek Central Precinct","t":"line"},"geometry":{"type":"LineString","coordinates":[[-88.898411,17.857156],[-88.89841,17.857145]]}},{"type":"Feature","properties":{"site":"Blue Creek Central Precinct","t":"line"},"geometry":{"type":"LineString","coordinates":[[-88.89841,17.857145],[-88.898418,17.857301]]}},{"type":"Feature","properties":{"site":"Blue Creek Central Precinct","t":"line"},"geometry":{"type":"LineString","coordinates":[[-88.898411,17.857156],[-88.898374,17.857157]]}},{"type":"Feature","properties":{"site":"Blue Creek Central Precinct","t":"line"},"geometry":{"type":"LineString","coordinates":[[-88.89841,17.857145],[-88.89835,17.857146]]}},{"type":"Feature","properties":{"site":"Blue Creek Central Precinct","t":"line"},"geometry":{"type":"LineString","coordinates":[[-88.898175,17.857118],[-88.898175,17.857188]]}},{"type":"Feature","properties":{"site":"Blue Creek Central Precinct","t":"line"},"geometry":{"type":"LineString","coordinates":[[-88.898175,17.857188],[-88.898061,17.857189]]}},{"type":"Feature","properties":{"site":"Blue Creek Central Precinct","t":"line"},"geometry":{"type":"LineString","coordinates":[[-88.898061,17.857189],[-88.89806,17.857119]]}},{"type":"Feature","properties":{"site":"Blue Creek Central Precinct","t":"line"},"geometry":{"type":"LineString","coordinates":[[-88.89806,17.857119],[-88.898175,17.857118]]}},{"type":"Feature","properties":{"site":"Blue Creek Central Precinct","t":"line"},"geometry":{"type":"LineString","coordinates":[[-88.898175,17.857118],[-88.898157,17.857124]]}},{"type":"Feature","properties":{"site":"Blue Creek Central Precinct","t":"line"},"geometry":{"type":"LineString","coordinates":[[-88.898157,17.857124],[-88.898157,17.857176]]}},{"type":"Feature","properties":{"site":"Blue Creek Central Precinct","t":"line"},"geometry":{"type":"LineString","coordinates":[[-88.898157,17.857176],[-88.898073,17.857177]]}},{"type":"Feature","properties":{"site":"Blue Creek Central Precinct","t":"line"},"geometry":{"type":"LineString","coordinates":[[-88.898073,17.857177],[-88.898072,17.857125]]}},{"type":"Feature","properties":{"site":"Blue Creek Central Precinct","t":"line"},"geometry":{"type":"LineString","coordinates":[[-88.898072,17.857125],[-88.898157,17.857124]]}},{"type":"Feature","properties":{"site":"Blue Creek Central Precinct","t":"line"},"geometry":{"type":"LineString","coordinates":[[-88.898157,17.857176],[-88.898175,17.857188]]}},{"type":"Feature","properties":{"site":"Blue Creek Central Precinct","t":"line"},"geometry":{"type":"LineString","coordinates":[[-88.898073,17.857177],[-88.898061,17.857189]]}},{"type":"Feature","properties":{"site":"Blue Creek Central Precinct","t":"line"},"geometry":{"type":"LineString","coordinates":[[-88.898072,17.857125],[-88.89806,17.857119]]}},{"type":"Feature","properties":{"site":"Blue Creek Central Precinct","t":"line"},"geometry":{"type":"LineString","coordinates":[[-88.898029,17.85705],[-88.897964,17.857178]]}},{"type":"Feature","properties":{"site":"Blue Creek Central Precinct","t":"line"},"geometry":{"type":"LineString","coordinates":[[-88.897964,17.857178],[-88.897965,17.85723]]}},{"type":"Feature","properties":{"site":"Blue Creek Central Precinct","t":"line"},"geometry":{"type":"LineString","coordinates":[[-88.897965,17.85723],[-88.897843,17.857185]]}},{"type":"Feature","properties":{"site":"Blue Creek Central Precinct","t":"line"},"geometry":{"type":"LineString","coordinates":[[-88.897843,17.857185],[-88.897944,17.856999]]}},{"type":"Feature","properties":{"site":"Blue Creek Central Precinct","t":"line"},"geometry":{"type":"LineString","coordinates":[[-88.897944,17.856999],[-88.898029,17.85705]]}},{"type":"Feature","properties":{"site":"Blue Creek Central Precinct","t":"line"},"geometry":{"type":"LineString","coordinates":[[-88.898029,17.85705],[-88.897999,17.857056]]}},{"type":"Feature","properties":{"site":"Blue Creek Central Precinct","t":"line"},"geometry":{"type":"LineString","coordinates":[[-88.897999,17.857056],[-88.897946,17.857161]]}},{"type":"Feature","properties":{"site":"Blue Creek Central Precinct","t":"line"},"geometry":{"type":"LineString","coordinates":[[-88.897946,17.857161],[-88.897903,17.857144]]}},{"type":"Feature","properties":{"site":"Blue Creek Central Precinct","t":"line"},"geometry":{"type":"LineString","coordinates":[[-88.897903,17.857144],[-88.897962,17.857034]]}},{"type":"Feature","properties":{"site":"Blue Creek Central Precinct","t":"line"},"geometry":{"type":"LineString","coordinates":[[-88.897962,17.857034],[-88.897999,17.857056]]}},{"type":"Feature","properties":{"site":"Blue Creek Central Precinct","t":"line"},"geometry":{"type":"LineString","coordinates":[[-88.897944,17.856999],[-88.897962,17.857034]]}},{"type":"Feature","properties":{"site":"Blue Creek Central Precinct","t":"line"},"geometry":{"type":"LineString","coordinates":[[-88.897903,17.857144],[-88.897843,17.857185]]}},{"type":"Feature","properties":{"site":"Blue Creek Central Precinct","t":"line"},"geometry":{"type":"LineString","coordinates":[[-88.897946,17.857161],[-88.897965,17.85723]]}},{"type":"Feature","properties":{"site":"Blue Creek Central Precinct","t":"line"},"geometry":{"type":"LineString","coordinates":[[-88.901494,17.863747],[-88.901533,17.864059]]}},{"type":"Feature","properties":{"site":"Blue Creek Central Precinct","t":"line"},"geometry":{"type":"LineString","coordinates":[[-88.901533,17.864059],[-88.901497,17.864048]]}},{"type":"Feature","properties":{"site":"Blue Creek Central Precinct","t":"line"},"geometry":{"type":"LineString","coordinates":[[-88.901497,17.864048],[-88.901201,17.86408]]}},{"type":"Feature","properties":{"site":"Blue Creek Central Precinct","t":"line"},"geometry":{"type":"LineString","coordinates":[[-88.901201,17.86408],[-88.901188,17.863993]]}},{"type":"Feature","properties":{"site":"Blue Creek Central Precinct","t":"line"},"geometry":{"type":"LineString","coordinates":[[-88.901188,17.863993],[-88.901399,17.863962]]}},{"type":"Feature","properties":{"site":"Blue Creek Central Precinct","t":"line"},"geometry":{"type":"LineString","coordinates":[[-88.901399,17.863962],[-88.901379,17.863783]]}},{"type":"Feature","properties":{"site":"Blue Creek Central Precinct","t":"line"},"geometry":{"type":"LineString","coordinates":[[-88.901379,17.863783],[-88.901199,17.863819]]}},{"type":"Feature","properties":{"site":"Blue Creek Central Precinct","t":"line"},"geometry":{"type":"LineString","coordinates":[[-88.901199,17.863819],[-88.901186,17.863767]]}},{"type":"Feature","properties":{"site":"Blue Creek Central Precinct","t":"line"},"geometry":{"type":"LineString","coordinates":[[-88.901186,17.863767],[-88.901397,17.863731]]}},{"type":"Feature","properties":{"site":"Blue Creek Central Precinct","t":"line"},"geometry":{"type":"LineString","coordinates":[[-88.901397,17.863731],[-88.90139,17.86365]]}},{"type":"Feature","properties":{"site":"Blue Creek Central Precinct","t":"line"},"geometry":{"type":"LineString","coordinates":[[-88.90139,17.86365],[-88.901426,17.863649]]}},{"type":"Feature","properties":{"site":"Blue Creek Central Precinct","t":"line"},"geometry":{"type":"LineString","coordinates":[[-88.901426,17.863649],[-88.901446,17.863776]]}},{"type":"Feature","properties":{"site":"Blue Creek Central Precinct","t":"line"},"geometry":{"type":"LineString","coordinates":[[-88.901446,17.863776],[-88.901464,17.863776]]}},{"type":"Feature","properties":{"site":"Blue Creek Central Precinct","t":"line"},"geometry":{"type":"LineString","coordinates":[[-88.901464,17.863776],[-88.901494,17.863747]]}},{"type":"Feature","properties":{"site":"Blue Creek Central Precinct","t":"line"},"geometry":{"type":"LineString","coordinates":[[-88.901379,17.863783],[-88.901422,17.863811]]}},{"type":"Feature","properties":{"site":"Blue Creek Central Precinct","t":"line"},"geometry":{"type":"LineString","coordinates":[[-88.901422,17.863811],[-88.901458,17.863799]]}},{"type":"Feature","properties":{"site":"Blue Creek Central Precinct","t":"line"},"geometry":{"type":"LineString","coordinates":[[-88.901458,17.863799],[-88.901494,17.863747]]}},{"type":"Feature","properties":{"site":"Blue Creek Central Precinct","t":"line"},"geometry":{"type":"LineString","coordinates":[[-88.901458,17.863799],[-88.901465,17.863927]]}},{"type":"Feature","properties":{"site":"Blue Creek Central Precinct","t":"line"},"geometry":{"type":"LineString","coordinates":[[-88.901465,17.863927],[-88.901435,17.863938]]}},{"type":"Feature","properties":{"site":"Blue Creek Central Precinct","t":"line"},"geometry":{"type":"LineString","coordinates":[[-88.901435,17.863938],[-88.901422,17.863811]]}},{"type":"Feature","properties":{"site":"Blue Creek Central Precinct","t":"line"},"geometry":{"type":"LineString","coordinates":[[-88.901435,17.863938],[-88.901423,17.863956]]}},{"type":"Feature","properties":{"site":"Blue Creek Central Precinct","t":"line"},"geometry":{"type":"LineString","coordinates":[[-88.901423,17.863956],[-88.901472,17.863955]]}},{"type":"Feature","properties":{"site":"Blue Creek Central Precinct","t":"line"},"geometry":{"type":"LineString","coordinates":[[-88.901472,17.863955],[-88.901465,17.863927]]}},{"type":"Feature","properties":{"site":"Blue Creek Central Precinct","t":"line"},"geometry":{"type":"LineString","coordinates":[[-88.901472,17.863955],[-88.901478,17.864025]]}},{"type":"Feature","properties":{"site":"Blue Creek Central Precinct","t":"line"},"geometry":{"type":"LineString","coordinates":[[-88.901478,17.864025],[-88.901533,17.864059]]}},{"type":"Feature","properties":{"site":"Blue Creek Central Precinct","t":"line"},"geometry":{"type":"LineString","coordinates":[[-88.901478,17.864025],[-88.901382,17.864043]]}},{"type":"Feature","properties":{"site":"Blue Creek Central Precinct","t":"line"},"geometry":{"type":"LineString","coordinates":[[-88.901382,17.864043],[-88.90137,17.864026]]}},{"type":"Feature","properties":{"site":"Blue Creek Central Precinct","t":"line"},"geometry":{"type":"LineString","coordinates":[[-88.90137,17.864026],[-88.901334,17.864026]]}},{"type":"Feature","properties":{"site":"Blue Creek Central Precinct","t":"line"},"geometry":{"type":"LineString","coordinates":[[-88.901334,17.864026],[-88.90131,17.86405]]}},{"type":"Feature","properties":{"site":"Blue Creek Central Precinct","t":"line"},"geometry":{"type":"LineString","coordinates":[[-88.90131,17.86405],[-88.901207,17.864062]]}},{"type":"Feature","properties":{"site":"Blue Creek Central Precinct","t":"line"},"geometry":{"type":"LineString","coordinates":[[-88.901207,17.864062],[-88.901201,17.86408]]}},{"type":"Feature","properties":{"site":"Blue Creek Central Precinct","t":"line"},"geometry":{"type":"LineString","coordinates":[[-88.901188,17.863993],[-88.901201,17.86401]]}},{"type":"Feature","properties":{"site":"Blue Creek Central Precinct","t":"line"},"geometry":{"type":"LineString","coordinates":[[-88.901201,17.86401],[-88.901207,17.864062]]}},{"type":"Feature","properties":{"site":"Blue Creek Central Precinct","t":"line"},"geometry":{"type":"LineString","coordinates":[[-88.901201,17.86401],[-88.901303,17.863992]]}},{"type":"Feature","properties":{"site":"Blue Creek Central Precinct","t":"line"},"geometry":{"type":"LineString","coordinates":[[-88.901303,17.863992],[-88.90131,17.86405]]}},{"type":"Feature","properties":{"site":"Blue Creek Central Precinct","t":"line"},"geometry":{"type":"LineString","coordinates":[[-88.901303,17.863992],[-88.901327,17.864003]]}},{"type":"Feature","properties":{"site":"Blue Creek Central Precinct","t":"line"},"geometry":{"type":"LineString","coordinates":[[-88.901327,17.864003],[-88.901334,17.864026]]}},{"type":"Feature","properties":{"site":"Blue Creek Central Precinct","t":"line"},"geometry":{"type":"LineString","coordinates":[[-88.901327,17.864003],[-88.90137,17.864003]]}},{"type":"Feature","properties":{"site":"Blue Creek Central Precinct","t":"line"},"geometry":{"type":"LineString","coordinates":[[-88.90137,17.864003],[-88.90137,17.864026]]}},{"type":"Feature","properties":{"site":"Blue Creek Central Precinct","t":"line"},"geometry":{"type":"LineString","coordinates":[[-88.90137,17.864003],[-88.901381,17.863985]]}},{"type":"Feature","properties":{"site":"Blue Creek Central Precinct","t":"line"},"geometry":{"type":"LineString","coordinates":[[-88.901381,17.863985],[-88.901382,17.864043]]}},{"type":"Feature","properties":{"site":"Blue Creek Central Precinct","t":"line"},"geometry":{"type":"LineString","coordinates":[[-88.901381,17.863985],[-88.90143,17.863979]]}},{"type":"Feature","properties":{"site":"Blue Creek Central Precinct","t":"line"},"geometry":{"type":"LineString","coordinates":[[-88.90143,17.863979],[-88.901423,17.863956]]}},{"type":"Feature","properties":{"site":"Blue Creek Central Precinct","t":"line"},"geometry":{"type":"LineString","coordinates":[[-88.901399,17.863962],[-88.90143,17.863979]]}},{"type":"Feature","properties":{"site":"Blue Creek Central Precinct","t":"line"},"geometry":{"type":"LineString","coordinates":[[-88.901446,17.863776],[-88.901433,17.863765]]}},{"type":"Feature","properties":{"site":"Blue Creek Central Precinct","t":"line"},"geometry":{"type":"LineString","coordinates":[[-88.901433,17.863765],[-88.901198,17.863796]]}},{"type":"Feature","properties":{"site":"Blue Creek Central Precinct","t":"line"},"geometry":{"type":"LineString","coordinates":[[-88.901198,17.863796],[-88.901198,17.863779]]}},{"type":"Feature","properties":{"site":"Blue Creek Central Precinct","t":"line"},"geometry":{"type":"LineString","coordinates":[[-88.901198,17.863779],[-88.901409,17.863736]]}},{"type":"Feature","properties":{"site":"Blue Creek Central Precinct","t":"line"},"geometry":{"type":"LineString","coordinates":[[-88.901409,17.863736],[-88.901396,17.863661]]}},{"type":"Feature","properties":{"site":"Blue Creek Central Precinct","t":"line"},"geometry":{"type":"LineString","coordinates":[[-88.901396,17.863661],[-88.901408,17.863655]]}},{"type":"Feature","properties":{"site":"Blue Creek Central Precinct","t":"line"},"geometry":{"type":"LineString","coordinates":[[-88.901426,17.863649],[-88.901408,17.863655]]}},{"type":"Feature","properties":{"site":"Blue Creek Central Precinct","t":"line"},"geometry":{"type":"LineString","coordinates":[[-88.90139,17.86365],[-88.901396,17.863661]]}},{"type":"Feature","properties":{"site":"Blue Creek Central Precinct","t":"line"},"geometry":{"type":"LineString","coordinates":[[-88.901397,17.863731],[-88.901409,17.863736]]}},{"type":"Feature","properties":{"site":"Blue Creek Central Precinct","t":"line"},"geometry":{"type":"LineString","coordinates":[[-88.901408,17.863655],[-88.901433,17.863765]]}},{"type":"Feature","properties":{"site":"Blue Creek Central Precinct","t":"line"},"geometry":{"type":"LineString","coordinates":[[-88.901198,17.863779],[-88.901186,17.863767]]}},{"type":"Feature","properties":{"site":"Blue Creek Central Precinct","t":"line"},"geometry":{"type":"LineString","coordinates":[[-88.901198,17.863796],[-88.901199,17.863819]]}},{"type":"Feature","properties":{"site":"Blue Creek Central Precinct","t":"line"},"geometry":{"type":"LineString","coordinates":[[-88.901264,17.863686],[-88.901246,17.863755]]}},{"type":"Feature","properties":{"site":"Blue Creek Central Precinct","t":"line"},"geometry":{"type":"LineString","coordinates":[[-88.901246,17.863755],[-88.901186,17.86375]]}},{"type":"Feature","properties":{"site":"Blue Creek Central Precinct","t":"line"},"geometry":{"type":"LineString","coordinates":[[-88.901186,17.86375],[-88.901191,17.863675]]}},{"type":"Feature","properties":{"site":"Blue Creek Central Precinct","t":"line"},"geometry":{"type":"LineString","coordinates":[[-88.901191,17.863675],[-88.901264,17.863686]]}},{"type":"Feature","properties":{"site":"Blue Creek Central Precinct","t":"line"},"geometry":{"type":"LineString","coordinates":[[-88.901264,17.863686],[-88.901246,17.863703]]}},{"type":"Feature","properties":{"site":"Blue Creek Central Precinct","t":"line"},"geometry":{"type":"LineString","coordinates":[[-88.901246,17.863703],[-88.901197,17.863698]]}},{"type":"Feature","properties":{"site":"Blue Creek Central Precinct","t":"line"},"geometry":{"type":"LineString","coordinates":[[-88.901197,17.863698],[-88.901198,17.863733]]}},{"type":"Feature","properties":{"site":"Blue Creek Central Precinct","t":"line"},"geometry":{"type":"LineString","coordinates":[[-88.901198,17.863733],[-88.90124,17.86375]]}},{"type":"Feature","properties":{"site":"Blue Creek Central Precinct","t":"line"},"geometry":{"type":"LineString","coordinates":[[-88.90124,17.86375],[-88.901246,17.863703]]}},{"type":"Feature","properties":{"site":"Blue Creek Central Precinct","t":"line"},"geometry":{"type":"LineString","coordinates":[[-88.90124,17.86375],[-88.901246,17.863755]]}},{"type":"Feature","properties":{"site":"Blue Creek Central Precinct","t":"line"},"geometry":{"type":"LineString","coordinates":[[-88.901198,17.863733],[-88.901186,17.86375]]}},{"type":"Feature","properties":{"site":"Blue Creek Central Precinct","t":"line"},"geometry":{"type":"LineString","coordinates":[[-88.901191,17.863675],[-88.901197,17.863698]]}},{"type":"Feature","properties":{"site":"Blue Creek Central Precinct","t":"line"},"geometry":{"type":"LineString","coordinates":[[-88.901389,17.863563],[-88.901353,17.863587]]}},{"type":"Feature","properties":{"site":"Blue Creek Central Precinct","t":"line"},"geometry":{"type":"LineString","coordinates":[[-88.901353,17.863587],[-88.901336,17.863639]]}},{"type":"Feature","properties":{"site":"Blue Creek Central Precinct","t":"line"},"geometry":{"type":"LineString","coordinates":[[-88.901336,17.863639],[-88.901184,17.863606]]}},{"type":"Feature","properties":{"site":"Blue Creek Central Precinct","t":"line"},"geometry":{"type":"LineString","coordinates":[[-88.901184,17.863606],[-88.901196,17.863559]]}},{"type":"Feature","properties":{"site":"Blue Creek Central Precinct","t":"line"},"geometry":{"type":"LineString","coordinates":[[-88.901196,17.863559],[-88.901183,17.863525]]}},{"type":"Feature","properties":{"site":"Blue Creek Central Precinct","t":"line"},"geometry":{"type":"LineString","coordinates":[[-88.901183,17.863525],[-88.901389,17.863563]]}},{"type":"Feature","properties":{"site":"Blue Creek Central Precinct","t":"line"},"geometry":{"type":"LineString","coordinates":[[-88.901389,17.863563],[-88.901323,17.863587]]}},{"type":"Feature","properties":{"site":"Blue Creek Central Precinct","t":"line"},"geometry":{"type":"LineString","coordinates":[[-88.901323,17.863587],[-88.90122,17.863571]]}},{"type":"Feature","properties":{"site":"Blue Creek Central Precinct","t":"line"},"geometry":{"type":"LineString","coordinates":[[-88.90122,17.863571],[-88.901208,17.863594]]}},{"type":"Feature","properties":{"site":"Blue Creek Central Precinct","t":"line"},"geometry":{"type":"LineString","coordinates":[[-88.901208,17.863594],[-88.901311,17.86361]]}},{"type":"Feature","properties":{"site":"Blue Creek Central Precinct","t":"line"},"geometry":{"type":"LineString","coordinates":[[-88.901311,17.86361],[-88.901323,17.863587]]}},{"type":"Feature","properties":{"site":"Blue Creek Central Precinct","t":"line"},"geometry":{"type":"LineString","coordinates":[[-88.901311,17.86361],[-88.901336,17.863639]]}},{"type":"Feature","properties":{"site":"Blue Creek Central Precinct","t":"line"},"geometry":{"type":"LineString","coordinates":[[-88.901208,17.863594],[-88.901184,17.863606]]}},{"type":"Feature","properties":{"site":"Blue Creek Central Precinct","t":"line"},"geometry":{"type":"LineString","coordinates":[[-88.901183,17.863525],[-88.90122,17.863571]]}},{"type":"Feature","properties":{"site":"Blue Creek Central Precinct","t":"line"},"geometry":{"type":"LineString","coordinates":[[-88.901142,17.863641],[-88.901101,17.863687]]}},{"type":"Feature","properties":{"site":"Blue Creek Central Precinct","t":"line"},"geometry":{"type":"LineString","coordinates":[[-88.901101,17.863687],[-88.901162,17.863791]]}},{"type":"Feature","properties":{"site":"Blue Creek Central Precinct","t":"line"},"geometry":{"type":"LineString","coordinates":[[-88.901162,17.863791],[-88.901126,17.863814]]}},{"type":"Feature","properties":{"site":"Blue Creek Central Precinct","t":"line"},"geometry":{"type":"LineString","coordinates":[[-88.901126,17.863814],[-88.901102,17.863849]]}},{"type":"Feature","properties":{"site":"Blue Creek Central Precinct","t":"line"},"geometry":{"type":"LineString","coordinates":[[-88.901102,17.863849],[-88.901004,17.863677]]}},{"type":"Feature","properties":{"site":"Blue Creek Central Precinct","t":"line"},"geometry":{"type":"LineString","coordinates":[[-88.901004,17.863677],[-88.901064,17.863693]]}},{"type":"Feature","properties":{"site":"Blue Creek Central Precinct","t":"line"},"geometry":{"type":"LineString","coordinates":[[-88.901064,17.863693],[-88.90107,17.863688]]}},{"type":"Feature","properties":{"site":"Blue Creek Central Precinct","t":"line"},"geometry":{"type":"LineString","coordinates":[[-88.90107,17.863688],[-88.901064,17.86367]]}},{"type":"Feature","properties":{"site":"Blue Creek Central Precinct","t":"line"},"geometry":{"type":"LineString","coordinates":[[-88.901064,17.86367],[-88.901022,17.863653]]}},{"type":"Feature","properties":{"site":"Blue Creek Central Precinct","t":"line"},"geometry":{"type":"LineString","coordinates":[[-88.901022,17.863653],[-88.901118,17.863589]]}},{"type":"Feature","properties":{"site":"Blue Creek Central Precinct","t":"line"},"geometry":{"type":"LineString","coordinates":[[-88.901118,17.863589],[-88.90113,17.863623]]}},{"type":"Feature","properties":{"site":"Blue Creek Central Precinct","t":"line"},"geometry":{"type":"LineString","coordinates":[[-88.90113,17.863623],[-88.901142,17.863641]]}},{"type":"Feature","properties":{"site":"Blue Creek Central Precinct","t":"line"},"geometry":{"type":"LineString","coordinates":[[-88.901142,17.863641],[-88.901124,17.863641]]}},{"type":"Feature","properties":{"site":"Blue Creek Central Precinct","t":"line"},"geometry":{"type":"LineString","coordinates":[[-88.901124,17.863641],[-88.901088,17.86367]]}},{"type":"Feature","properties":{"site":"Blue Creek Central Precinct","t":"line"},"geometry":{"type":"LineString","coordinates":[[-88.901088,17.86367],[-88.901089,17.863705]]}},{"type":"Feature","properties":{"site":"Blue Creek Central Precinct","t":"line"},"geometry":{"type":"LineString","coordinates":[[-88.901089,17.863705],[-88.901132,17.863791]]}},{"type":"Feature","properties":{"site":"Blue Creek Central Precinct","t":"line"},"geometry":{"type":"LineString","coordinates":[[-88.901132,17.863791],[-88.90112,17.863797]]}},{"type":"Feature","properties":{"site":"Blue Creek Central Precinct","t":"line"},"geometry":{"type":"LineString","coordinates":[[-88.90112,17.863797],[-88.901065,17.863717]]}},{"type":"Feature","properties":{"site":"Blue Creek Central Precinct","t":"line"},"geometry":{"type":"LineString","coordinates":[[-88.901065,17.863717],[-88.901089,17.863705]]}},{"type":"Feature","properties":{"site":"Blue Creek Central Precinct","t":"line"},"geometry":{"type":"LineString","coordinates":[[-88.901132,17.863791],[-88.901162,17.863791]]}},{"type":"Feature","properties":{"site":"Blue Creek Central Precinct","t":"line"},"geometry":{"type":"LineString","coordinates":[[-88.90112,17.863797],[-88.901102,17.863849]]}},{"type":"Feature","properties":{"site":"Blue Creek Central Precinct","t":"line"},"geometry":{"type":"LineString","coordinates":[[-88.901065,17.863717],[-88.901004,17.863677]]}},{"type":"Feature","properties":{"site":"Blue Creek Central Precinct","t":"line"},"geometry":{"type":"LineString","coordinates":[[-88.90107,17.863688],[-88.901101,17.863687]]}},{"type":"Feature","properties":{"site":"Blue Creek Central Precinct","t":"line"},"geometry":{"type":"LineString","coordinates":[[-88.901088,17.86367],[-88.901022,17.863653]]}},{"type":"Feature","properties":{"site":"Blue Creek Central Precinct","t":"line"},"geometry":{"type":"LineString","coordinates":[[-88.901118,17.863589],[-88.901124,17.863641]]}},{"type":"Feature","properties":{"site":"Blue Creek Central Precinct","t":"line"},"geometry":{"type":"LineString","coordinates":[[-88.900576,17.86434],[-88.900571,17.864467]]}},{"type":"Feature","properties":{"site":"Blue Creek Central Precinct","t":"line"},"geometry":{"type":"LineString","coordinates":[[-88.900571,17.864467],[-88.900572,17.864502]]}},{"type":"Feature","properties":{"site":"Blue Creek Central Precinct","t":"line"},"geometry":{"type":"LineString","coordinates":[[-88.900572,17.864502],[-88.900445,17.864503]]}},{"type":"Feature","properties":{"site":"Blue Creek Central Precinct","t":"line"},"geometry":{"type":"LineString","coordinates":[[-88.900445,17.864503],[-88.900457,17.864451]]}},{"type":"Feature","properties":{"site":"Blue Creek Central Precinct","t":"line"},"geometry":{"type":"LineString","coordinates":[[-88.900457,17.864451],[-88.900499,17.864451]]}},{"type":"Feature","properties":{"site":"Blue Creek Central Precinct","t":"line"},"geometry":{"type":"LineString","coordinates":[[-88.900499,17.864451],[-88.900504,17.864341]]}},{"type":"Feature","properties":{"site":"Blue Creek Central Precinct","t":"line"},"geometry":{"type":"LineString","coordinates":[[-88.900504,17.864341],[-88.900576,17.86434]]}},{"type":"Feature","properties":{"site":"Blue Creek Central Precinct","t":"line"},"geometry":{"type":"LineString","coordinates":[[-88.900576,17.86434],[-88.900564,17.864352]]}},{"type":"Feature","properties":{"site":"Blue Creek Central Precinct","t":"line"},"geometry":{"type":"LineString","coordinates":[[-88.900564,17.864352],[-88.900522,17.864352]]}},{"type":"Feature","properties":{"site":"Blue Creek Central Precinct","t":"line"},"geometry":{"type":"LineString","coordinates":[[-88.900522,17.864352],[-88.900511,17.864456]]}},{"type":"Feature","properties":{"site":"Blue Creek Central Precinct","t":"line"},"geometry":{"type":"LineString","coordinates":[[-88.900511,17.864456],[-88.900559,17.864456]]}},{"type":"Feature","properties":{"site":"Blue Creek Central Precinct","t":"line"},"geometry":{"type":"LineString","coordinates":[[-88.900559,17.864456],[-88.900564,17.864352]]}},{"type":"Feature","properties":{"site":"Blue Creek Central Precinct","t":"line"},"geometry":{"type":"LineString","coordinates":[[-88.900504,17.864341],[-88.900522,17.864352]]}},{"type":"Feature","properties":{"site":"Blue Creek Central Precinct","t":"line"},"geometry":{"type":"LineString","coordinates":[[-88.900571,17.864467],[-88.900559,17.864456]]}},{"type":"Feature","properties":{"site":"Blue Creek Central Precinct","t":"line"},"geometry":{"type":"LineString","coordinates":[[-88.900559,17.864456],[-88.900547,17.864473]]}},{"type":"Feature","properties":{"site":"Blue Creek Central Precinct","t":"line"},"geometry":{"type":"LineString","coordinates":[[-88.900547,17.864473],[-88.900572,17.864502]]}},{"type":"Feature","properties":{"site":"Blue Creek Central Precinct","t":"line"},"geometry":{"type":"LineString","coordinates":[[-88.900547,17.864473],[-88.900481,17.864468]]}},{"type":"Feature","properties":{"site":"Blue Creek Central Precinct","t":"line"},"geometry":{"type":"LineString","coordinates":[[-88.900481,17.864468],[-88.900445,17.864503]]}},{"type":"Feature","properties":{"site":"Blue Creek Central Precinct","t":"line"},"geometry":{"type":"LineString","coordinates":[[-88.900457,17.864451],[-88.900481,17.864468]]}},{"type":"Feature","properties":{"site":"Blue Creek Central Precinct","t":"line"},"geometry":{"type":"LineString","coordinates":[[-88.900499,17.864451],[-88.900511,17.864456]]}},{"type":"Feature","properties":{"site":"Blue Creek Central Precinct","t":"line"},"geometry":{"type":"LineString","coordinates":[[-88.901859,17.864628],[-88.901884,17.864692]]}},{"type":"Feature","properties":{"site":"Blue Creek Central Precinct","t":"line"},"geometry":{"type":"LineString","coordinates":[[-88.901884,17.864692],[-88.901818,17.864715]]}},{"type":"Feature","properties":{"site":"Blue Creek Central Precinct","t":"line"},"geometry":{"type":"LineString","coordinates":[[-88.901818,17.864715],[-88.901849,17.864796]]}},{"type":"Feature","properties":{"site":"Blue Creek Central Precinct","t":"line"},"geometry":{"type":"LineString","coordinates":[[-88.901849,17.864796],[-88.901662,17.86485]]}},{"type":"Feature","properties":{"site":"Blue Creek Central Precinct","t":"line"},"geometry":{"type":"LineString","coordinates":[[-88.901662,17.86485],[-88.901609,17.864937]]}},{"type":"Feature","properties":{"site":"Blue Creek Central Precinct","t":"line"},"geometry":{"type":"LineString","coordinates":[[-88.901609,17.864937],[-88.901452,17.864944]]}},{"type":"Feature","properties":{"site":"Blue Creek Central Precinct","t":"line"},"geometry":{"type":"LineString","coordinates":[[-88.901452,17.864944],[-88.901337,17.864894]]}},{"type":"Feature","properties":{"site":"Blue Creek Central Precinct","t":"line"},"geometry":{"type":"LineString","coordinates":[[-88.901337,17.864894],[-88.901325,17.864911]]}},{"type":"Feature","properties":{"site":"Blue Creek Central Precinct","t":"line"},"geometry":{"type":"LineString","coordinates":[[-88.901325,17.864911],[-88.901258,17.864883]]}},{"type":"Feature","properties":{"site":"Blue Creek Central Precinct","t":"line"},"geometry":{"type":"LineString","coordinates":[[-88.901258,17.864883],[-88.901276,17.864813]]}},{"type":"Feature","properties":{"site":"Blue Creek Central Precinct","t":"line"},"geometry":{"type":"LineString","coordinates":[[-88.901276,17.864813],[-88.901348,17.86483]]}},{"type":"Feature","properties":{"site":"Blue Creek Central Precinct","t":"line"},"geometry":{"type":"LineString","coordinates":[[-88.901348,17.86483],[-88.901342,17.864853]]}},{"type":"Feature","properties":{"site":"Blue Creek Central Precinct","t":"line"},"geometry":{"type":"LineString","coordinates":[[-88.901342,17.864853],[-88.901445,17.864887]]}},{"type":"Feature","properties":{"site":"Blue Creek Central Precinct","t":"line"},"geometry":{"type":"LineString","coordinates":[[-88.901445,17.864887],[-88.901584,17.86488]]}},{"type":"Feature","properties":{"site":"Blue Creek Central Precinct","t":"line"},"geometry":{"type":"LineString","coordinates":[[-88.901584,17.86488],[-88.901614,17.864839]]}},{"type":"Feature","properties":{"site":"Blue Creek Central Precinct","t":"line"},"geometry":{"type":"LineString","coordinates":[[-88.901614,17.864839],[-88.901552,17.864649]]}},{"type":"Feature","properties":{"site":"Blue Creek Central Precinct","t":"line"},"geometry":{"type":"LineString","coordinates":[[-88.901552,17.864649],[-88.901684,17.864601]]}},{"type":"Feature","properties":{"site":"Blue Creek Central Precinct","t":"line"},"geometry":{"type":"LineString","coordinates":[[-88.901684,17.864601],[-88.901671,17.864566]]}},{"type":"Feature","properties":{"site":"Blue Creek Central Precinct","t":"line"},"geometry":{"type":"LineString","coordinates":[[-88.901671,17.864566],[-88.90175,17.864537]]}},{"type":"Feature","properties":{"site":"Blue Creek Central Precinct","t":"line"},"geometry":{"type":"LineString","coordinates":[[-88.90175,17.864537],[-88.901787,17.864646]]}},{"type":"Feature","properties":{"site":"Blue Creek Central Precinct","t":"line"},"geometry":{"type":"LineString","coordinates":[[-88.901787,17.864646],[-88.901859,17.864628]]}},{"type":"Feature","properties":{"site":"Blue Creek Central Precinct","t":"line"},"geometry":{"type":"LineString","coordinates":[[-88.901859,17.864628],[-88.901853,17.864646]]}},{"type":"Feature","properties":{"site":"Blue Creek Central Precinct","t":"line"},"geometry":{"type":"LineString","coordinates":[[-88.901853,17.864646],[-88.901787,17.864675]]}},{"type":"Feature","properties":{"site":"Blue Creek Central Precinct","t":"line"},"geometry":{"type":"LineString","coordinates":[[-88.901787,17.864675],[-88.901788,17.864698]]}},{"type":"Feature","properties":{"site":"Blue Creek Central Precinct","t":"line"},"geometry":{"type":"LineString","coordinates":[[-88.901788,17.864698],[-88.901872,17.86468]]}},{"type":"Feature","properties":{"site":"Blue Creek Central Precinct","t":"line"},"geometry":{"type":"LineString","coordinates":[[-88.901872,17.86468],[-88.901853,17.864646]]}},{"type":"Feature","properties":{"site":"Blue Creek Central Precinct","t":"line"},"geometry":{"type":"LineString","coordinates":[[-88.901872,17.86468],[-88.901884,17.864692]]}},{"type":"Feature","properties":{"site":"Blue Creek Central Precinct","t":"line"},"geometry":{"type":"LineString","coordinates":[[-88.901788,17.864698],[-88.901818,17.864715]]}},{"type":"Feature","properties":{"site":"Blue Creek Central Precinct","t":"line"},"geometry":{"type":"LineString","coordinates":[[-88.901787,17.864675],[-88.901787,17.864646]]}},{"type":"Feature","properties":{"site":"Blue Creek Central Precinct","t":"line"},"geometry":{"type":"LineString","coordinates":[[-88.901614,17.864839],[-88.90162,17.864839]]}},{"type":"Feature","properties":{"site":"Blue Creek Central Precinct","t":"line"},"geometry":{"type":"LineString","coordinates":[[-88.90162,17.864839],[-88.901644,17.86485]]}},{"type":"Feature","properties":{"site":"Blue Creek Central Precinct","t":"line"},"geometry":{"type":"LineString","coordinates":[[-88.901644,17.86485],[-88.901656,17.864856]]}},{"type":"Feature","properties":{"site":"Blue Creek Central Precinct","t":"line"},"geometry":{"type":"LineString","coordinates":[[-88.901656,17.864856],[-88.901657,17.864873]]}},{"type":"Feature","properties":{"site":"Blue Creek Central Precinct","t":"line"},"geometry":{"type":"LineString","coordinates":[[-88.901644,17.86485],[-88.90165,17.864815]]}},{"type":"Feature","properties":{"site":"Blue Creek Central Precinct","t":"line"},"geometry":{"type":"LineString","coordinates":[[-88.90165,17.864815],[-88.901588,17.864666]]}},{"type":"Feature","properties":{"site":"Blue Creek Central Precinct","t":"line"},"geometry":{"type":"LineString","coordinates":[[-88.901588,17.864666],[-88.90175,17.864618]]}},{"type":"Feature","properties":{"site":"Blue Creek Central Precinct","t":"line"},"geometry":{"type":"LineString","coordinates":[[-88.90175,17.864618],[-88.901775,17.864681]]}},{"type":"Feature","properties":{"site":"Blue Creek Central Precinct","t":"line"},"geometry":{"type":"LineString","coordinates":[[-88.901775,17.864681],[-88.901775,17.864693]]}},{"type":"Feature","properties":{"site":"Blue Creek Central Precinct","t":"line"},"geometry":{"type":"LineString","coordinates":[[-88.901775,17.864693],[-88.901788,17.86475]]}},{"type":"Feature","properties":{"site":"Blue Creek Central Precinct","t":"line"},"geometry":{"type":"LineString","coordinates":[[-88.901788,17.86475],[-88.901849,17.864796]]}},{"type":"Feature","properties":{"site":"Blue Creek Central Precinct","t":"line"},"geometry":{"type":"LineString","coordinates":[[-88.901788,17.86475],[-88.901776,17.864756]]}},{"type":"Feature","properties":{"site":"Blue Creek Central Precinct","t":"line"},"geometry":{"type":"LineString","coordinates":[[-88.901776,17.864756],[-88.901776,17.864774]]}},{"type":"Feature","properties":{"site":"Blue Creek Central Precinct","t":"line"},"geometry":{"type":"LineString","coordinates":[[-88.901776,17.864774],[-88.90165,17.864815]]}},{"type":"Feature","properties":{"site":"Blue Creek Central Precinct","t":"line"},"geometry":{"type":"LineString","coordinates":[[-88.901776,17.864774],[-88.901758,17.864751]]}},{"type":"Feature","properties":{"site":"Blue Creek Central Precinct","t":"line"},"geometry":{"type":"LineString","coordinates":[[-88.901758,17.864751],[-88.901674,17.864775]]}},{"type":"Feature","properties":{"site":"Blue Creek Central Precinct","t":"line"},"geometry":{"type":"LineString","coordinates":[[-88.901674,17.864775],[-88.901642,17.864682]]}},{"type":"Feature","properties":{"site":"Blue Creek Central Precinct","t":"line"},"geometry":{"type":"LineString","coordinates":[[-88.901642,17.864682],[-88.901727,17.864653]]}},{"type":"Feature","properties":{"site":"Blue Creek Central Precinct","t":"line"},"geometry":{"type":"LineString","coordinates":[[-88.901727,17.864653],[-88.901721,17.864676]]}},{"type":"Feature","properties":{"site":"Blue Creek Central Precinct","t":"line"},"geometry":{"type":"LineString","coordinates":[[-88.901721,17.864676],[-88.901655,17.864694]]}},{"type":"Feature","properties":{"site":"Blue Creek Central Precinct","t":"line"},"geometry":{"type":"LineString","coordinates":[[-88.901655,17.864694],[-88.901685,17.864751]]}},{"type":"Feature","properties":{"site":"Blue Creek Central Precinct","t":"line"},"geometry":{"type":"LineString","coordinates":[[-88.901685,17.864751],[-88.90174,17.864728]]}},{"type":"Feature","properties":{"site":"Blue Creek Central Precinct","t":"line"},"geometry":{"type":"LineString","coordinates":[[-88.90174,17.864728],[-88.901721,17.864676]]}},{"type":"Feature","properties":{"site":"Blue Creek Central Precinct","t":"line"},"geometry":{"type":"LineString","coordinates":[[-88.90174,17.864728],[-88.901758,17.864751]]}},{"type":"Feature","properties":{"site":"Blue Creek Central Precinct","t":"line"},"geometry":{"type":"LineString","coordinates":[[-88.901685,17.864751],[-88.901674,17.864775]]}},{"type":"Feature","properties":{"site":"Blue Creek Central Precinct","t":"line"},"geometry":{"type":"LineString","coordinates":[[-88.901642,17.864682],[-88.901655,17.864694]]}},{"type":"Feature","properties":{"site":"Blue Creek Central Precinct","t":"line"},"geometry":{"type":"LineString","coordinates":[[-88.901727,17.864653],[-88.901745,17.864693]]}},{"type":"Feature","properties":{"site":"Blue Creek Central Precinct","t":"line"},"geometry":{"type":"LineString","coordinates":[[-88.901745,17.864693],[-88.901751,17.864693]]}},{"type":"Feature","properties":{"site":"Blue Creek Central Precinct","t":"line"},"geometry":{"type":"LineString","coordinates":[[-88.901751,17.864693],[-88.901776,17.864756]]}},{"type":"Feature","properties":{"site":"Blue Creek Central Precinct","t":"line"},"geometry":{"type":"LineString","coordinates":[[-88.901751,17.864693],[-88.901775,17.864693]]}},{"type":"Feature","properties":{"site":"Blue Creek Central Precinct","t":"line"},"geometry":{"type":"LineString","coordinates":[[-88.901775,17.864681],[-88.901745,17.864693]]}},{"type":"Feature","properties":{"site":"Blue Creek Central Precinct","t":"line"},"geometry":{"type":"LineString","coordinates":[[-88.90175,17.864618],[-88.90175,17.864595]]}},{"type":"Feature","properties":{"site":"Blue Creek Central Precinct","t":"line"},"geometry":{"type":"LineString","coordinates":[[-88.90175,17.864595],[-88.901714,17.864618]]}},{"type":"Feature","properties":{"site":"Blue Creek Central Precinct","t":"line"},"geometry":{"type":"LineString","coordinates":[[-88.901714,17.864618],[-88.901708,17.864572]]}},{"type":"Feature","properties":{"site":"Blue Creek Central Precinct","t":"line"},"geometry":{"type":"LineString","coordinates":[[-88.901708,17.864572],[-88.901738,17.864566]]}},{"type":"Feature","properties":{"site":"Blue Creek Central Precinct","t":"line"},"geometry":{"type":"LineString","coordinates":[[-88.901738,17.864566],[-88.90175,17.864595]]}},{"type":"Feature","properties":{"site":"Blue Creek Central Precinct","t":"line"},"geometry":{"type":"LineString","coordinates":[[-88.90175,17.864537],[-88.901738,17.864566]]}},{"type":"Feature","properties":{"site":"Blue Creek Central Precinct","t":"line"},"geometry":{"type":"LineString","coordinates":[[-88.901671,17.864566],[-88.901708,17.864572]]}},{"type":"Feature","properties":{"site":"Blue Creek Central Precinct","t":"line"},"geometry":{"type":"LineString","coordinates":[[-88.901684,17.864601],[-88.901714,17.864618]]}},{"type":"Feature","properties":{"site":"Blue Creek Central Precinct","t":"line"},"geometry":{"type":"LineString","coordinates":[[-88.901552,17.864649],[-88.901588,17.864666]]}},{"type":"Feature","properties":{"site":"Blue Creek Central Precinct","t":"line"},"geometry":{"type":"LineString","coordinates":[[-88.90162,17.864839],[-88.90159,17.864891]]}},{"type":"Feature","properties":{"site":"Blue Creek Central Precinct","t":"line"},"geometry":{"type":"LineString","coordinates":[[-88.90159,17.864891],[-88.901451,17.864892]]}},{"type":"Feature","properties":{"site":"Blue Creek Central Precinct","t":"line"},"geometry":{"type":"LineString","coordinates":[[-88.901451,17.864892],[-88.901342,17.864853]]}},{"type":"Feature","properties":{"site":"Blue Creek Central Precinct","t":"line"},"geometry":{"type":"LineString","coordinates":[[-88.901342,17.864853],[-88.901337,17.864882]]}},{"type":"Feature","properties":{"site":"Blue Creek Central Precinct","t":"line"},"geometry":{"type":"LineString","coordinates":[[-88.901337,17.864882],[-88.901458,17.864939]]}},{"type":"Feature","properties":{"site":"Blue Creek Central Precinct","t":"line"},"geometry":{"type":"LineString","coordinates":[[-88.901458,17.864939],[-88.901603,17.864926]]}},{"type":"Feature","properties":{"site":"Blue Creek Central Precinct","t":"line"},"geometry":{"type":"LineString","coordinates":[[-88.901603,17.864926],[-88.901656,17.864856]]}},{"type":"Feature","properties":{"site":"Blue Creek Central Precinct","t":"line"},"geometry":{"type":"LineString","coordinates":[[-88.901603,17.864926],[-88.901609,17.864937]]}},{"type":"Feature","properties":{"site":"Blue Creek Central Precinct","t":"line"},"geometry":{"type":"LineString","coordinates":[[-88.901458,17.864939],[-88.901452,17.864944]]}},{"type":"Feature","properties":{"site":"Blue Creek Central Precinct","t":"line"},"geometry":{"type":"LineString","coordinates":[[-88.901337,17.864882],[-88.901337,17.864894]]}},{"type":"Feature","properties":{"site":"Blue Creek Central Precinct","t":"line"},"geometry":{"type":"LineString","coordinates":[[-88.901445,17.864887],[-88.901451,17.864892]]}},{"type":"Feature","properties":{"site":"Blue Creek Central Precinct","t":"line"},"geometry":{"type":"LineString","coordinates":[[-88.901584,17.86488],[-88.90159,17.864891]]}},{"type":"Feature","properties":{"site":"Blue Creek Central Precinct","t":"line"},"geometry":{"type":"LineString","coordinates":[[-88.901348,17.86483],[-88.901324,17.864842]]}},{"type":"Feature","properties":{"site":"Blue Creek Central Precinct","t":"line"},"geometry":{"type":"LineString","coordinates":[[-88.901324,17.864842],[-88.901288,17.864825]]}},{"type":"Feature","properties":{"site":"Blue Creek Central Precinct","t":"line"},"geometry":{"type":"LineString","coordinates":[[-88.901288,17.864825],[-88.901276,17.864883]]}},{"type":"Feature","properties":{"site":"Blue Creek Central Precinct","t":"line"},"geometry":{"type":"LineString","coordinates":[[-88.901276,17.864883],[-88.901319,17.864882]]}},{"type":"Feature","properties":{"site":"Blue Creek Central Precinct","t":"line"},"geometry":{"type":"LineString","coordinates":[[-88.901319,17.864882],[-88.901324,17.864842]]}},{"type":"Feature","properties":{"site":"Blue Creek Central Precinct","t":"line"},"geometry":{"type":"LineString","coordinates":[[-88.901319,17.864882],[-88.901325,17.864911]]}},{"type":"Feature","properties":{"site":"Blue Creek Central Precinct","t":"line"},"geometry":{"type":"LineString","coordinates":[[-88.901276,17.864883],[-88.901258,17.864883]]}},{"type":"Feature","properties":{"site":"Blue Creek Central Precinct","t":"line"},"geometry":{"type":"LineString","coordinates":[[-88.901276,17.864813],[-88.901288,17.864825]]}},{"type":"Feature","properties":{"site":"Blue Creek Central Precinct","t":"line"},"geometry":{"type":"LineString","coordinates":[[-88.901467,17.864649],[-88.901486,17.864701]]}},{"type":"Feature","properties":{"site":"Blue Creek Central Precinct","t":"line"},"geometry":{"type":"LineString","coordinates":[[-88.901486,17.864701],[-88.901438,17.864725]]}},{"type":"Feature","properties":{"site":"Blue Creek Central Precinct","t":"line"},"geometry":{"type":"LineString","coordinates":[[-88.901438,17.864725],[-88.901407,17.864662]]}},{"type":"Feature","properties":{"site":"Blue Creek Central Precinct","t":"line"},"geometry":{"type":"LineString","coordinates":[[-88.901407,17.864662],[-88.901467,17.864649]]}},{"type":"Feature","properties":{"site":"Blue Creek Central Precinct","t":"line"},"geometry":{"type":"LineString","coordinates":[[-88.901467,17.864649],[-88.901467,17.864661]]}},{"type":"Feature","properties":{"site":"Blue Creek Central Precinct","t":"line"},"geometry":{"type":"LineString","coordinates":[[-88.901467,17.864661],[-88.901431,17.864684]]}},{"type":"Feature","properties":{"site":"Blue Creek Central Precinct","t":"line"},"geometry":{"type":"LineString","coordinates":[[-88.901431,17.864684],[-88.901407,17.864662]]}},{"type":"Feature","properties":{"site":"Blue Creek Central Precinct","t":"line"},"geometry":{"type":"LineString","coordinates":[[-88.901431,17.864684],[-88.901443,17.864696]]}},{"type":"Feature","properties":{"site":"Blue Creek Central Precinct","t":"line"},"geometry":{"type":"LineString","coordinates":[[-88.901443,17.864696],[-88.901474,17.864696]]}},{"type":"Feature","properties":{"site":"Blue Creek Central Precinct","t":"line"},"geometry":{"type":"LineString","coordinates":[[-88.901474,17.864696],[-88.901467,17.864661]]}},{"type":"Feature","properties":{"site":"Blue Creek Central Precinct","t":"line"},"geometry":{"type":"LineString","coordinates":[[-88.901474,17.864696],[-88.901486,17.864701]]}},{"type":"Feature","properties":{"site":"Blue Creek Central Precinct","t":"line"},"geometry":{"type":"LineString","coordinates":[[-88.901443,17.864696],[-88.901438,17.864725]]}},{"type":"Feature","properties":{"site":"Blue Creek Central Precinct","t":"line"},"geometry":{"type":"LineString","coordinates":[[-88.901196,17.864727],[-88.901186,17.864883]]}},{"type":"Feature","properties":{"site":"Blue Creek Central Precinct","t":"line"},"geometry":{"type":"LineString","coordinates":[[-88.901186,17.864883],[-88.901113,17.864878]]}},{"type":"Feature","properties":{"site":"Blue Creek Central Precinct","t":"line"},"geometry":{"type":"LineString","coordinates":[[-88.901113,17.864878],[-88.901102,17.864965]]}},{"type":"Feature","properties":{"site":"Blue Creek Central Precinct","t":"line"},"geometry":{"type":"LineString","coordinates":[[-88.901102,17.864965],[-88.900945,17.864961]]}},{"type":"Feature","properties":{"site":"Blue Creek Central Precinct","t":"line"},"geometry":{"type":"LineString","coordinates":[[-88.900945,17.864961],[-88.900944,17.864909]]}},{"type":"Feature","properties":{"site":"Blue Creek Central Precinct","t":"line"},"geometry":{"type":"LineString","coordinates":[[-88.900944,17.864909],[-88.901047,17.864908]]}},{"type":"Feature","properties":{"site":"Blue Creek Central Precinct","t":"line"},"geometry":{"type":"LineString","coordinates":[[-88.901047,17.864908],[-88.901053,17.864856]]}},{"type":"Feature","properties":{"site":"Blue Creek Central Precinct","t":"line"},"geometry":{"type":"LineString","coordinates":[[-88.901053,17.864856],[-88.901063,17.864688]]}},{"type":"Feature","properties":{"site":"Blue Creek Central Precinct","t":"line"},"geometry":{"type":"LineString","coordinates":[[-88.901063,17.864688],[-88.90113,17.864722]]}},{"type":"Feature","properties":{"site":"Blue Creek Central Precinct","t":"line"},"geometry":{"type":"LineString","coordinates":[[-88.90113,17.864722],[-88.901196,17.864727]]}},{"type":"Feature","properties":{"site":"Blue Creek Central Precinct","t":"line"},"geometry":{"type":"LineString","coordinates":[[-88.901196,17.864727],[-88.901172,17.864756]]}},{"type":"Feature","properties":{"site":"Blue Creek Central Precinct","t":"line"},"geometry":{"type":"LineString","coordinates":[[-88.901172,17.864756],[-88.90113,17.864751]]}},{"type":"Feature","properties":{"site":"Blue Creek Central Precinct","t":"line"},"geometry":{"type":"LineString","coordinates":[[-88.90113,17.864751],[-88.901119,17.864849]]}},{"type":"Feature","properties":{"site":"Blue Creek Central Precinct","t":"line"},"geometry":{"type":"LineString","coordinates":[[-88.901119,17.864849],[-88.901155,17.864855]]}},{"type":"Feature","properties":{"site":"Blue Creek Central Precinct","t":"line"},"geometry":{"type":"LineString","coordinates":[[-88.901155,17.864855],[-88.901172,17.864756]]}},{"type":"Feature","properties":{"site":"Blue Creek Central Precinct","t":"line"},"geometry":{"type":"LineString","coordinates":[[-88.901155,17.864855],[-88.901186,17.864883]]}},{"type":"Feature","properties":{"site":"Blue Creek Central Precinct","t":"line"},"geometry":{"type":"LineString","coordinates":[[-88.901063,17.864688],[-88.90113,17.864751]]}},{"type":"Feature","properties":{"site":"Blue Creek Central Precinct","t":"line"},"geometry":{"type":"LineString","coordinates":[[-88.901119,17.864849],[-88.901083,17.864884]]}},{"type":"Feature","properties":{"site":"Blue Creek Central Precinct","t":"line"},"geometry":{"type":"LineString","coordinates":[[-88.901083,17.864884],[-88.901077,17.864879]]}},{"type":"Feature","properties":{"site":"Blue Creek Central Precinct","t":"line"},"geometry":{"type":"LineString","coordinates":[[-88.901077,17.864879],[-88.901053,17.864856]]}},{"type":"Feature","properties":{"site":"Blue Creek Central Precinct","t":"line"},"geometry":{"type":"LineString","coordinates":[[-88.901077,17.864879],[-88.901071,17.864925]]}},{"type":"Feature","properties":{"site":"Blue Creek Central Precinct","t":"line"},"geometry":{"type":"LineString","coordinates":[[-88.901071,17.864925],[-88.900963,17.86492]]}},{"type":"Feature","properties":{"site":"Blue Creek Central Precinct","t":"line"},"geometry":{"type":"LineString","coordinates":[[-88.900963,17.86492],[-88.900963,17.864949]]}},{"type":"Feature","properties":{"site":"Blue Creek Central Precinct","t":"line"},"geometry":{"type":"LineString","coordinates":[[-88.900963,17.864949],[-88.901084,17.864948]]}},{"type":"Feature","properties":{"site":"Blue Creek Central Precinct","t":"line"},"geometry":{"type":"LineString","coordinates":[[-88.901084,17.864948],[-88.901083,17.864884]]}},{"type":"Feature","properties":{"site":"Blue Creek Central Precinct","t":"line"},"geometry":{"type":"LineString","coordinates":[[-88.901047,17.864908],[-88.901071,17.864925]]}},{"type":"Feature","properties":{"site":"Blue Creek Central Precinct","t":"line"},"geometry":{"type":"LineString","coordinates":[[-88.900944,17.864909],[-88.900963,17.86492]]}},{"type":"Feature","properties":{"site":"Blue Creek Central Precinct","t":"line"},"geometry":{"type":"LineString","coordinates":[[-88.900963,17.864949],[-88.900945,17.864961]]}},{"type":"Feature","properties":{"site":"Blue Creek Central Precinct","t":"line"},"geometry":{"type":"LineString","coordinates":[[-88.901084,17.864948],[-88.901102,17.864965]]}},{"type":"Feature","properties":{"site":"Blue Creek Central Precinct","t":"line"},"geometry":{"type":"LineString","coordinates":[[-88.900738,17.864824],[-88.900751,17.864911]]}},{"type":"Feature","properties":{"site":"Blue Creek Central Precinct","t":"line"},"geometry":{"type":"LineString","coordinates":[[-88.900751,17.864911],[-88.900685,17.864923]]}},{"type":"Feature","properties":{"site":"Blue Creek Central Precinct","t":"line"},"geometry":{"type":"LineString","coordinates":[[-88.900685,17.864923],[-88.900672,17.864836]]}},{"type":"Feature","properties":{"site":"Blue Creek Central Precinct","t":"line"},"geometry":{"type":"LineString","coordinates":[[-88.900672,17.864836],[-88.900738,17.864824]]}},{"type":"Feature","properties":{"site":"Blue Creek Central Precinct","t":"line"},"geometry":{"type":"LineString","coordinates":[[-88.900738,17.864824],[-88.900726,17.864847]]}},{"type":"Feature","properties":{"site":"Blue Creek Central Precinct","t":"line"},"geometry":{"type":"LineString","coordinates":[[-88.900726,17.864847],[-88.900696,17.864853]]}},{"type":"Feature","properties":{"site":"Blue Creek Central Precinct","t":"line"},"geometry":{"type":"LineString","coordinates":[[-88.900696,17.864853],[-88.900697,17.864894]]}},{"type":"Feature","properties":{"site":"Blue Creek Central Precinct","t":"line"},"geometry":{"type":"LineString","coordinates":[[-88.900697,17.864894],[-88.900733,17.864888]]}},{"type":"Feature","properties":{"site":"Blue Creek Central Precinct","t":"line"},"geometry":{"type":"LineString","coordinates":[[-88.900733,17.864888],[-88.900726,17.864847]]}},{"type":"Feature","properties":{"site":"Blue Creek Central Precinct","t":"line"},"geometry":{"type":"LineString","coordinates":[[-88.900733,17.864888],[-88.900751,17.864911]]}},{"type":"Feature","properties":{"site":"Blue Creek Central Precinct","t":"line"},"geometry":{"type":"LineString","coordinates":[[-88.900697,17.864894],[-88.900685,17.864923]]}},{"type":"Feature","properties":{"site":"Blue Creek Central Precinct","t":"line"},"geometry":{"type":"LineString","coordinates":[[-88.900672,17.864836],[-88.900696,17.864853]]}},{"type":"Feature","properties":{"site":"Blue Creek Central Precinct","t":"line"},"geometry":{"type":"LineString","coordinates":[[-88.900641,17.865288],[-88.900636,17.865444]]}},{"type":"Feature","properties":{"site":"Blue Creek Central Precinct","t":"line"},"geometry":{"type":"LineString","coordinates":[[-88.900636,17.865444],[-88.900443,17.865423]]}},{"type":"Feature","properties":{"site":"Blue Creek Central Precinct","t":"line"},"geometry":{"type":"LineString","coordinates":[[-88.900443,17.865423],[-88.900448,17.865324]]}},{"type":"Feature","properties":{"site":"Blue Creek Central Precinct","t":"line"},"geometry":{"type":"LineString","coordinates":[[-88.900448,17.865324],[-88.900538,17.865335]]}},{"type":"Feature","properties":{"site":"Blue Creek Central Precinct","t":"line"},"geometry":{"type":"LineString","coordinates":[[-88.900538,17.865335],[-88.900538,17.865277]]}},{"type":"Feature","properties":{"site":"Blue Creek Central Precinct","t":"line"},"geometry":{"type":"LineString","coordinates":[[-88.900538,17.865277],[-88.900641,17.865288]]}},{"type":"Feature","properties":{"site":"Blue Creek Central Precinct","t":"line"},"geometry":{"type":"LineString","coordinates":[[-88.900641,17.865288],[-88.900605,17.865311]]}},{"type":"Feature","properties":{"site":"Blue Creek Central Precinct","t":"line"},"geometry":{"type":"LineString","coordinates":[[-88.900605,17.865311],[-88.900568,17.865312]]}},{"type":"Feature","properties":{"site":"Blue Creek Central Precinct","t":"line"},"geometry":{"type":"LineString","coordinates":[[-88.900568,17.865312],[-88.900557,17.865369]]}},{"type":"Feature","properties":{"site":"Blue Creek Central Precinct","t":"line"},"geometry":{"type":"LineString","coordinates":[[-88.900557,17.865369],[-88.900478,17.865364]]}},{"type":"Feature","properties":{"site":"Blue Creek Central Precinct","t":"line"},"geometry":{"type":"LineString","coordinates":[[-88.900478,17.865364],[-88.900473,17.865399]]}},{"type":"Feature","properties":{"site":"Blue Creek Central Precinct","t":"line"},"geometry":{"type":"LineString","coordinates":[[-88.900473,17.865399],[-88.900587,17.86541]]}},{"type":"Feature","properties":{"site":"Blue Creek Central Precinct","t":"line"},"geometry":{"type":"LineString","coordinates":[[-88.900587,17.86541],[-88.900605,17.865311]]}},{"type":"Feature","properties":{"site":"Blue Creek Central Precinct","t":"line"},"geometry":{"type":"LineString","coordinates":[[-88.900587,17.86541],[-88.900636,17.865444]]}},{"type":"Feature","properties":{"site":"Blue Creek Central Precinct","t":"line"},"geometry":{"type":"LineString","coordinates":[[-88.900473,17.865399],[-88.900443,17.865423]]}},{"type":"Feature","properties":{"site":"Blue Creek Central Precinct","t":"line"},"geometry":{"type":"LineString","coordinates":[[-88.900448,17.865324],[-88.900478,17.865364]]}},{"type":"Feature","properties":{"site":"Blue Creek Central Precinct","t":"line"},"geometry":{"type":"LineString","coordinates":[[-88.900538,17.865277],[-88.900568,17.865312]]}},{"type":"Feature","properties":{"site":"Blue Creek Central Precinct","t":"line"},"geometry":{"type":"LineString","coordinates":[[-88.901772,17.854759],[-88.901773,17.854851]]}},{"type":"Feature","properties":{"site":"Blue Creek Central Precinct","t":"line"},"geometry":{"type":"LineString","coordinates":[[-88.901773,17.854851],[-88.901731,17.854852]]}},{"type":"Feature","properties":{"site":"Blue Creek Central Precinct","t":"line"},"geometry":{"type":"LineString","coordinates":[[-88.901731,17.854852],[-88.90173,17.854759]]}},{"type":"Feature","properties":{"site":"Blue Creek Central Precinct","t":"line"},"geometry":{"type":"LineString","coordinates":[[-88.90173,17.854759],[-88.901772,17.854759]]}},{"type":"Feature","properties":{"site":"Blue Creek Central Precinct","t":"line"},"geometry":{"type":"LineString","coordinates":[[-88.901772,17.854759],[-88.901767,17.85477]]}},{"type":"Feature","properties":{"site":"Blue Creek Central Precinct","t":"line"},"geometry":{"type":"LineString","coordinates":[[-88.901767,17.85477],[-88.901767,17.85484]]}},{"type":"Feature","properties":{"site":"Blue Creek Central Precinct","t":"line"},"geometry":{"type":"LineString","coordinates":[[-88.901767,17.85484],[-88.901737,17.85484]]}},{"type":"Feature","properties":{"site":"Blue Creek Central Precinct","t":"line"},"geometry":{"type":"LineString","coordinates":[[-88.901737,17.85484],[-88.901736,17.854771]]}},{"type":"Feature","properties":{"site":"Blue Creek Central Precinct","t":"line"},"geometry":{"type":"LineString","coordinates":[[-88.901736,17.854771],[-88.901767,17.85477]]}},{"type":"Feature","properties":{"site":"Blue Creek Central Precinct","t":"line"},"geometry":{"type":"LineString","coordinates":[[-88.90173,17.854759],[-88.901736,17.854771]]}},{"type":"Feature","properties":{"site":"Blue Creek Central Precinct","t":"line"},"geometry":{"type":"LineString","coordinates":[[-88.901737,17.85484],[-88.901731,17.854852]]}},{"type":"Feature","properties":{"site":"Blue Creek Central Precinct","t":"line"},"geometry":{"type":"LineString","coordinates":[[-88.901767,17.85484],[-88.901773,17.854851]]}},{"type":"Feature","properties":{"site":"Blue Creek Central Precinct","t":"line"},"geometry":{"type":"LineString","coordinates":[[-88.901443,17.8556],[-88.901437,17.855601]]}},{"type":"Feature","properties":{"site":"Blue Creek Central Precinct","t":"line"},"geometry":{"type":"LineString","coordinates":[[-88.901437,17.855601],[-88.901431,17.855601]]}},{"type":"Feature","properties":{"site":"Blue Creek Central Precinct","t":"line"},"geometry":{"type":"LineString","coordinates":[[-88.901431,17.855601],[-88.901425,17.855601]]}},{"type":"Feature","properties":{"site":"Blue Creek Central Precinct","t":"line"},"geometry":{"type":"LineString","coordinates":[[-88.901425,17.855601],[-88.901413,17.855601]]}},{"type":"Feature","properties":{"site":"Blue Creek Central Precinct","t":"line"},"geometry":{"type":"LineString","coordinates":[[-88.901413,17.855601],[-88.901407,17.855601]]}},{"type":"Feature","properties":{"site":"Blue Creek Central Precinct","t":"line"},"geometry":{"type":"LineString","coordinates":[[-88.901407,17.855601],[-88.901401,17.855601]]}},{"type":"Feature","properties":{"site":"Blue Creek Central Precinct","t":"line"},"geometry":{"type":"LineString","coordinates":[[-88.901401,17.855601],[-88.901395,17.855601]]}},{"type":"Feature","properties":{"site":"Blue Creek Central Precinct","t":"line"},"geometry":{"type":"LineString","coordinates":[[-88.901395,17.855601],[-88.901389,17.855601]]}},{"type":"Feature","properties":{"site":"Blue Creek Central Precinct","t":"line"},"geometry":{"type":"LineString","coordinates":[[-88.901389,17.855601],[-88.901383,17.855601]]}},{"type":"Feature","properties":{"site":"Blue Creek Central Precinct","t":"line"},"geometry":{"type":"LineString","coordinates":[[-88.901383,17.855601],[-88.901371,17.855601]]}},{"type":"Feature","properties":{"site":"Blue Creek Central Precinct","t":"line"},"geometry":{"type":"LineString","coordinates":[[-88.901395,17.855601],[-88.901389,17.855607]]}},{"type":"Feature","properties":{"site":"Blue Creek Central Precinct","t":"line"},"geometry":{"type":"LineString","coordinates":[[-88.901389,17.855607],[-88.901383,17.855607]]}},{"type":"Feature","properties":{"site":"Blue Creek Central Precinct","t":"line"},"geometry":{"type":"LineString","coordinates":[[-88.901383,17.855607],[-88.901377,17.855607]]}},{"type":"Feature","properties":{"site":"Blue Creek Central Precinct","t":"line"},"geometry":{"type":"LineString","coordinates":[[-88.901377,17.855607],[-88.901383,17.855613]]}},{"type":"Feature","properties":{"site":"Blue Creek Central Precinct","t":"line"},"geometry":{"type":"LineString","coordinates":[[-88.901383,17.855613],[-88.901389,17.855613]]}},{"type":"Feature","properties":{"site":"Blue Creek Central Precinct","t":"line"},"geometry":{"type":"LineString","coordinates":[[-88.901389,17.855613],[-88.901395,17.855612]]}},{"type":"Feature","properties":{"site":"Blue Creek Central Precinct","t":"line"},"geometry":{"type":"LineString","coordinates":[[-88.901395,17.855612],[-88.901407,17.855612]]}},{"type":"Feature","properties":{"site":"Blue Creek Central Precinct","t":"line"},"geometry":{"type":"LineString","coordinates":[[-88.901407,17.855612],[-88.901413,17.855612]]}},{"type":"Feature","properties":{"site":"Blue Creek Central Precinct","t":"line"},"geometry":{"type":"LineString","coordinates":[[-88.901413,17.855612],[-88.901419,17.855612]]}},{"type":"Feature","properties":{"site":"Blue Creek Central Precinct","t":"line"},"geometry":{"type":"LineString","coordinates":[[-88.901419,17.855612],[-88.901425,17.855606]]}},{"type":"Feature","properties":{"site":"Blue Creek Central Precinct","t":"line"},"geometry":{"type":"LineString","coordinates":[[-88.901425,17.855606],[-88.901431,17.855606]]}},{"type":"Feature","properties":{"site":"Blue Creek Central Precinct","t":"line"},"geometry":{"type":"LineString","coordinates":[[-88.901431,17.855606],[-88.901437,17.855606]]}},{"type":"Feature","properties":{"site":"Blue Creek Central Precinct","t":"line"},"geometry":{"type":"LineString","coordinates":[[-88.901413,17.855601],[-88.901425,17.855612]]}},{"type":"Feature","properties":{"site":"Blue Creek Central Precinct","t":"line"},"geometry":{"type":"LineString","coordinates":[[-88.901407,17.855601],[-88.901413,17.855612]]}},{"type":"Feature","properties":{"site":"Blue Creek Central Precinct","t":"line"},"geometry":{"type":"LineString","coordinates":[[-88.901446,17.855837],[-88.901446,17.855878]]}},{"type":"Feature","properties":{"site":"Blue Creek Central Precinct","t":"line"},"geometry":{"type":"LineString","coordinates":[[-88.901446,17.855878],[-88.901374,17.855879]]}},{"type":"Feature","properties":{"site":"Blue Creek Central Precinct","t":"line"},"geometry":{"type":"LineString","coordinates":[[-88.901374,17.855879],[-88.901373,17.855838]]}},{"type":"Feature","properties":{"site":"Blue Creek Central Precinct","t":"line"},"geometry":{"type":"LineString","coordinates":[[-88.901373,17.855838],[-88.901446,17.855837]]}},{"type":"Feature","properties":{"site":"Blue Creek Central Precinct","t":"line"},"geometry":{"type":"LineString","coordinates":[[-88.901446,17.855837],[-88.90144,17.855843]]}},{"type":"Feature","properties":{"site":"Blue Creek Central Precinct","t":"line"},"geometry":{"type":"LineString","coordinates":[[-88.90144,17.855843],[-88.90144,17.855866]]}},{"type":"Feature","properties":{"site":"Blue Creek Central Precinct","t":"line"},"geometry":{"type":"LineString","coordinates":[[-88.90144,17.855866],[-88.901386,17.855867]]}},{"type":"Feature","properties":{"site":"Blue Creek Central Precinct","t":"line"},"geometry":{"type":"LineString","coordinates":[[-88.901386,17.855867],[-88.901385,17.855844]]}},{"type":"Feature","properties":{"site":"Blue Creek Central Precinct","t":"line"},"geometry":{"type":"LineString","coordinates":[[-88.901385,17.855844],[-88.90144,17.855843]]}},{"type":"Feature","properties":{"site":"Blue Creek Central Precinct","t":"line"},"geometry":{"type":"LineString","coordinates":[[-88.901373,17.855838],[-88.901385,17.855844]]}},{"type":"Feature","properties":{"site":"Blue Creek Central Precinct","t":"line"},"geometry":{"type":"LineString","coordinates":[[-88.901386,17.855867],[-88.901374,17.855879]]}},{"type":"Feature","properties":{"site":"Blue Creek Central Precinct","t":"line"},"geometry":{"type":"LineString","coordinates":[[-88.90144,17.855866],[-88.901446,17.855878]]}},{"type":"Feature","properties":{"site":"Blue Creek Central Precinct","t":"line"},"geometry":{"type":"LineString","coordinates":[[-88.900382,17.855703],[-88.900382,17.855773]]}},{"type":"Feature","properties":{"site":"Blue Creek Central Precinct","t":"line"},"geometry":{"type":"LineString","coordinates":[[-88.900382,17.855773],[-88.90034,17.855773]]}},{"type":"Feature","properties":{"site":"Blue Creek Central Precinct","t":"line"},"geometry":{"type":"LineString","coordinates":[[-88.90034,17.855762],[-88.90034,17.855785]]}},{"type":"Feature","properties":{"site":"Blue Creek Central Precinct","t":"line"},"geometry":{"type":"LineString","coordinates":[[-88.90034,17.855785],[-88.900304,17.855785]]}},{"type":"Feature","properties":{"site":"Blue Creek Central Precinct","t":"line"},"geometry":{"type":"LineString","coordinates":[[-88.900304,17.855785],[-88.900304,17.855762]]}},{"type":"Feature","properties":{"site":"Blue Creek Central Precinct","t":"line"},"geometry":{"type":"LineString","coordinates":[[-88.900304,17.855773],[-88.900256,17.855774]]}},{"type":"Feature","properties":{"site":"Blue Creek Central Precinct","t":"line"},"geometry":{"type":"LineString","coordinates":[[-88.900256,17.855774],[-88.900255,17.855705]]}},{"type":"Feature","properties":{"site":"Blue Creek Central Precinct","t":"line"},"geometry":{"type":"LineString","coordinates":[[-88.900255,17.855705],[-88.900382,17.855703]]}},{"type":"Feature","properties":{"site":"Blue Creek Central Precinct","t":"line"},"geometry":{"type":"LineString","coordinates":[[-88.900382,17.855773],[-88.90037,17.855761]]}},{"type":"Feature","properties":{"site":"Blue Creek Central Precinct","t":"line"},"geometry":{"type":"LineString","coordinates":[[-88.90037,17.855761],[-88.90034,17.855762]]}},{"type":"Feature","properties":{"site":"Blue Creek Central Precinct","t":"line"},"geometry":{"type":"LineString","coordinates":[[-88.90037,17.855761],[-88.90037,17.855721]]}},{"type":"Feature","properties":{"site":"Blue Creek Central Precinct","t":"line"},"geometry":{"type":"LineString","coordinates":[[-88.90037,17.855721],[-88.900273,17.855722]]}},{"type":"Feature","properties":{"site":"Blue Creek Central Precinct","t":"line"},"geometry":{"type":"LineString","coordinates":[[-88.900273,17.855722],[-88.900274,17.855762]]}},{"type":"Feature","properties":{"site":"Blue Creek Central Precinct","t":"line"},"geometry":{"type":"LineString","coordinates":[[-88.900274,17.855762],[-88.900304,17.855762]]}},{"type":"Feature","properties":{"site":"Blue Creek Central Precinct","t":"line"},"geometry":{"type":"LineString","coordinates":[[-88.900274,17.855762],[-88.900256,17.855774]]}},{"type":"Feature","properties":{"site":"Blue Creek Central Precinct","t":"line"},"geometry":{"type":"LineString","coordinates":[[-88.900273,17.855722],[-88.900255,17.855705]]}},{"type":"Feature","properties":{"site":"Blue Creek Central Precinct","t":"line"},"geometry":{"type":"LineString","coordinates":[[-88.900382,17.855703],[-88.90037,17.855721]]}},{"type":"Feature","properties":{"site":"Blue Creek Central Precinct","t":"line"},"geometry":{"type":"LineString","coordinates":[[-88.900382,17.855773],[-88.900383,17.855825]]}},{"type":"Feature","properties":{"site":"Blue Creek Central Precinct","t":"line"},"geometry":{"type":"LineString","coordinates":[[-88.900383,17.855825],[-88.900383,17.855848]]}},{"type":"Feature","properties":{"site":"Blue Creek Central Precinct","t":"line"},"geometry":{"type":"LineString","coordinates":[[-88.900383,17.855848],[-88.900371,17.855871]]}},{"type":"Feature","properties":{"site":"Blue Creek Central Precinct","t":"line"},"geometry":{"type":"LineString","coordinates":[[-88.900371,17.855871],[-88.900354,17.855894]]}},{"type":"Feature","properties":{"site":"Blue Creek Central Precinct","t":"line"},"geometry":{"type":"LineString","coordinates":[[-88.900354,17.855894],[-88.900336,17.855906]]}},{"type":"Feature","properties":{"site":"Blue Creek Central Precinct","t":"line"},"geometry":{"type":"LineString","coordinates":[[-88.900336,17.855906],[-88.900317,17.855912]]}},{"type":"Feature","properties":{"site":"Blue Creek Central Precinct","t":"line"},"geometry":{"type":"LineString","coordinates":[[-88.900317,17.855912],[-88.900287,17.855907]]}},{"type":"Feature","properties":{"site":"Blue Creek Central Precinct","t":"line"},"geometry":{"type":"LineString","coordinates":[[-88.900287,17.855907],[-88.900275,17.855895]]}},{"type":"Feature","properties":{"site":"Blue Creek Central Precinct","t":"line"},"geometry":{"type":"LineString","coordinates":[[-88.900275,17.855895],[-88.900269,17.855878]]}},{"type":"Feature","properties":{"site":"Blue Creek Central Precinct","t":"line"},"geometry":{"type":"LineString","coordinates":[[-88.900269,17.855878],[-88.900256,17.855849]]}},{"type":"Feature","properties":{"site":"Blue Creek Central Precinct","t":"line"},"geometry":{"type":"LineString","coordinates":[[-88.900256,17.855849],[-88.900256,17.855826]]}},{"type":"Feature","properties":{"site":"Blue Creek Central Precinct","t":"line"},"geometry":{"type":"LineString","coordinates":[[-88.900256,17.855826],[-88.900256,17.855809]]}},{"type":"Feature","properties":{"site":"Blue Creek Central Precinct","t":"line"},"geometry":{"type":"LineString","coordinates":[[-88.900256,17.855809],[-88.900256,17.855785]]}},{"type":"Feature","properties":{"site":"Blue Creek Central Precinct","t":"line"},"geometry":{"type":"LineString","coordinates":[[-88.900256,17.855785],[-88.900256,17.855774]]}},{"type":"Feature","properties":{"site":"Blue Creek Central Precinct","t":"line"},"geometry":{"type":"LineString","coordinates":[[-88.900383,17.855796],[-88.900401,17.855796]]}},{"type":"Feature","properties":{"site":"Blue Creek Central Precinct","t":"line"},"geometry":{"type":"LineString","coordinates":[[-88.900383,17.855825],[-88.900401,17.855825]]}},{"type":"Feature","properties":{"site":"Blue Creek Central Precinct","t":"line"},"geometry":{"type":"LineString","coordinates":[[-88.900383,17.855848],[-88.900401,17.855848]]}},{"type":"Feature","properties":{"site":"Blue Creek Central Precinct","t":"line"},"geometry":{"type":"LineString","coordinates":[[-88.900383,17.855859],[-88.900396,17.855871]]}},{"type":"Feature","properties":{"site":"Blue Creek Central Precinct","t":"line"},"geometry":{"type":"LineString","coordinates":[[-88.900371,17.855871],[-88.900384,17.855888]]}},{"type":"Feature","properties":{"site":"Blue Creek Central Precinct","t":"line"},"geometry":{"type":"LineString","coordinates":[[-88.900359,17.855889],[-88.900372,17.8559]]}},{"type":"Feature","properties":{"site":"Blue Creek Central Precinct","t":"line"},"geometry":{"type":"LineString","coordinates":[[-88.900348,17.8559],[-88.90036,17.855912]]}},{"type":"Feature","properties":{"site":"Blue Creek Central Precinct","t":"line"},"geometry":{"type":"LineString","coordinates":[[-88.900336,17.855906],[-88.900342,17.855929]]}},{"type":"Feature","properties":{"site":"Blue Creek Central Precinct","t":"line"},"geometry":{"type":"LineString","coordinates":[[-88.900317,17.855912],[-88.900318,17.855929]]}},{"type":"Feature","properties":{"site":"Blue Creek Central Precinct","t":"line"},"geometry":{"type":"LineString","coordinates":[[-88.900299,17.855906],[-88.900294,17.85593]]}},{"type":"Feature","properties":{"site":"Blue Creek Central Precinct","t":"line"},"geometry":{"type":"LineString","coordinates":[[-88.900287,17.855907],[-88.900275,17.855924]]}},{"type":"Feature","properties":{"site":"Blue Creek Central Precinct","t":"line"},"geometry":{"type":"LineString","coordinates":[[-88.900275,17.855895],[-88.900257,17.855907]]}},{"type":"Feature","properties":{"site":"Blue Creek Central Precinct","t":"line"},"geometry":{"type":"LineString","coordinates":[[-88.900269,17.855878],[-88.900257,17.85589]]}},{"type":"Feature","properties":{"site":"Blue Creek Central Precinct","t":"line"},"geometry":{"type":"LineString","coordinates":[[-88.900263,17.855866],[-88.900251,17.855872]]}},{"type":"Feature","properties":{"site":"Blue Creek Central Precinct","t":"line"},"geometry":{"type":"LineString","coordinates":[[-88.900256,17.855849],[-88.900244,17.855861]]}},{"type":"Feature","properties":{"site":"Blue Creek Central Precinct","t":"line"},"geometry":{"type":"LineString","coordinates":[[-88.900256,17.855843],[-88.900244,17.855843]]}},{"type":"Feature","properties":{"site":"Blue Creek Central Precinct","t":"line"},"geometry":{"type":"LineString","coordinates":[[-88.900256,17.855826],[-88.900244,17.855826]]}},{"type":"Feature","properties":{"site":"Blue Creek Central Precinct","t":"line"},"geometry":{"type":"LineString","coordinates":[[-88.900256,17.855809],[-88.900244,17.855809]]}},{"type":"Feature","properties":{"site":"Blue Creek Central Precinct","t":"line"},"geometry":{"type":"LineString","coordinates":[[-88.901469,17.856283],[-88.901469,17.85634]]}},{"type":"Feature","properties":{"site":"Blue Creek Central Precinct","t":"line"},"geometry":{"type":"LineString","coordinates":[[-88.901469,17.85634],[-88.901318,17.856342]]}},{"type":"Feature","properties":{"site":"Blue Creek Central Precinct","t":"line"},"geometry":{"type":"LineString","coordinates":[[-88.901318,17.856342],[-88.901318,17.856284]]}},{"type":"Feature","properties":{"site":"Blue Creek Central Precinct","t":"line"},"geometry":{"type":"LineString","coordinates":[[-88.901318,17.856284],[-88.901469,17.856283]]}},{"type":"Feature","properties":{"site":"Blue Creek Central Precinct","t":"line"},"geometry":{"type":"LineString","coordinates":[[-88.901469,17.856283],[-88.901451,17.856294]]}},{"type":"Feature","properties":{"site":"Blue Creek Central Precinct","t":"line"},"geometry":{"type":"LineString","coordinates":[[-88.901451,17.856294],[-88.901445,17.856329]]}},{"type":"Feature","properties":{"site":"Blue Creek Central Precinct","t":"line"},"geometry":{"type":"LineString","coordinates":[[-88.901445,17.856329],[-88.90133,17.85633]]}},{"type":"Feature","properties":{"site":"Blue Creek Central Precinct","t":"line"},"geometry":{"type":"LineString","coordinates":[[-88.90133,17.85633],[-88.90133,17.856295]]}},{"type":"Feature","properties":{"site":"Blue Creek Central Precinct","t":"line"},"geometry":{"type":"LineString","coordinates":[[-88.90133,17.856295],[-88.901445,17.856294]]}},{"type":"Feature","properties":{"site":"Blue Creek Central Precinct","t":"line"},"geometry":{"type":"LineString","coordinates":[[-88.901445,17.856329],[-88.901469,17.85634]]}},{"type":"Feature","properties":{"site":"Blue Creek Central Precinct","t":"line"},"geometry":{"type":"LineString","coordinates":[[-88.90133,17.85633],[-88.901318,17.856342]]}},{"type":"Feature","properties":{"site":"Blue Creek Central Precinct","t":"line"},"geometry":{"type":"LineString","coordinates":[[-88.90133,17.856295],[-88.901318,17.856284]]}},{"type":"Feature","properties":{"site":"Blue Creek Central Precinct","t":"line"},"geometry":{"type":"LineString","coordinates":[[-88.90135,17.856474],[-88.90135,17.856515]]}},{"type":"Feature","properties":{"site":"Blue Creek Central Precinct","t":"line"},"geometry":{"type":"LineString","coordinates":[[-88.90135,17.856515],[-88.901266,17.856516]]}},{"type":"Feature","properties":{"site":"Blue Creek Central Precinct","t":"line"},"geometry":{"type":"LineString","coordinates":[[-88.901266,17.856516],[-88.901265,17.856475]]}},{"type":"Feature","properties":{"site":"Blue Creek Central Precinct","t":"line"},"geometry":{"type":"LineString","coordinates":[[-88.901265,17.856475],[-88.90135,17.856474]]}},{"type":"Feature","properties":{"site":"Blue Creek Central Precinct","t":"line"},"geometry":{"type":"LineString","coordinates":[[-88.90135,17.856474],[-88.901338,17.85648]]}},{"type":"Feature","properties":{"site":"Blue Creek Central Precinct","t":"line"},"geometry":{"type":"LineString","coordinates":[[-88.901338,17.85648],[-88.901338,17.856504]]}},{"type":"Feature","properties":{"site":"Blue Creek Central Precinct","t":"line"},"geometry":{"type":"LineString","coordinates":[[-88.901338,17.856504],[-88.901272,17.856504]]}},{"type":"Feature","properties":{"site":"Blue Creek Central Precinct","t":"line"},"geometry":{"type":"LineString","coordinates":[[-88.901272,17.856504],[-88.901271,17.856481]]}},{"type":"Feature","properties":{"site":"Blue Creek Central Precinct","t":"line"},"geometry":{"type":"LineString","coordinates":[[-88.901271,17.856481],[-88.901338,17.85648]]}},{"type":"Feature","properties":{"site":"Blue Creek Central Precinct","t":"line"},"geometry":{"type":"LineString","coordinates":[[-88.901338,17.856504],[-88.90135,17.856515]]}},{"type":"Feature","properties":{"site":"Blue Creek Central Precinct","t":"line"},"geometry":{"type":"LineString","coordinates":[[-88.901272,17.856504],[-88.901266,17.856516]]}},{"type":"Feature","properties":{"site":"Blue Creek Central Precinct","t":"line"},"geometry":{"type":"LineString","coordinates":[[-88.901271,17.856481],[-88.901265,17.856475]]}},{"type":"Feature","properties":{"site":"Blue Creek Central Precinct","t":"line"},"geometry":{"type":"LineString","coordinates":[[-88.90094,17.857652],[-88.90094,17.85771]]}},{"type":"Feature","properties":{"site":"Blue Creek Central Precinct","t":"line"},"geometry":{"type":"LineString","coordinates":[[-88.90094,17.85771],[-88.900862,17.857711]]}},{"type":"Feature","properties":{"site":"Blue Creek Central Precinct","t":"line"},"geometry":{"type":"LineString","coordinates":[[-88.900862,17.857711],[-88.900861,17.857653]]}},{"type":"Feature","properties":{"site":"Blue Creek Central Precinct","t":"line"},"geometry":{"type":"LineString","coordinates":[[-88.900861,17.857653],[-88.90094,17.857652]]}},{"type":"Feature","properties":{"site":"Blue Creek Central Precinct","t":"line"},"geometry":{"type":"LineString","coordinates":[[-88.90094,17.857652],[-88.900928,17.857658]]}},{"type":"Feature","properties":{"site":"Blue Creek Central Precinct","t":"line"},"geometry":{"type":"LineString","coordinates":[[-88.900928,17.857658],[-88.900928,17.857699]]}},{"type":"Feature","properties":{"site":"Blue Creek Central Precinct","t":"line"},"geometry":{"type":"LineString","coordinates":[[-88.900928,17.857699],[-88.90088,17.857699]]}},{"type":"Feature","properties":{"site":"Blue Creek Central Precinct","t":"line"},"geometry":{"type":"LineString","coordinates":[[-88.90088,17.857699],[-88.900879,17.857659]]}},{"type":"Feature","properties":{"site":"Blue Creek Central Precinct","t":"line"},"geometry":{"type":"LineString","coordinates":[[-88.900879,17.857659],[-88.900928,17.857658]]}},{"type":"Feature","properties":{"site":"Blue Creek Central Precinct","t":"line"},"geometry":{"type":"LineString","coordinates":[[-88.900928,17.857699],[-88.90094,17.85771]]}},{"type":"Feature","properties":{"site":"Blue Creek Central Precinct","t":"line"},"geometry":{"type":"LineString","coordinates":[[-88.90088,17.857699],[-88.900862,17.857711]]}},{"type":"Feature","properties":{"site":"Blue Creek Central Precinct","t":"line"},"geometry":{"type":"LineString","coordinates":[[-88.900879,17.857659],[-88.900861,17.857653]]}},{"type":"Feature","properties":{"site":"Blue Creek Central Precinct","t":"line"},"geometry":{"type":"LineString","coordinates":[[-88.900814,17.857711],[-88.900814,17.857758]]}},{"type":"Feature","properties":{"site":"Blue Creek Central Precinct","t":"line"},"geometry":{"type":"LineString","coordinates":[[-88.900814,17.857758],[-88.900724,17.857758]]}},{"type":"Feature","properties":{"site":"Blue Creek Central Precinct","t":"line"},"geometry":{"type":"LineString","coordinates":[[-88.900724,17.857758],[-88.900723,17.857712]]}},{"type":"Feature","properties":{"site":"Blue Creek Central Precinct","t":"line"},"geometry":{"type":"LineString","coordinates":[[-88.900723,17.857712],[-88.900814,17.857711]]}},{"type":"Feature","properties":{"site":"Blue Creek Central Precinct","t":"line"},"geometry":{"type":"LineString","coordinates":[[-88.900814,17.857711],[-88.900808,17.857723]]}},{"type":"Feature","properties":{"site":"Blue Creek Central Precinct","t":"line"},"geometry":{"type":"LineString","coordinates":[[-88.900808,17.857723],[-88.900808,17.857746]]}},{"type":"Feature","properties":{"site":"Blue Creek Central Precinct","t":"line"},"geometry":{"type":"LineString","coordinates":[[-88.900808,17.857746],[-88.900729,17.857747]]}},{"type":"Feature","properties":{"site":"Blue Creek Central Precinct","t":"line"},"geometry":{"type":"LineString","coordinates":[[-88.900729,17.857747],[-88.900729,17.857724]]}},{"type":"Feature","properties":{"site":"Blue Creek Central Precinct","t":"line"},"geometry":{"type":"LineString","coordinates":[[-88.900729,17.857724],[-88.900808,17.857723]]}},{"type":"Feature","properties":{"site":"Blue Creek Central Precinct","t":"line"},"geometry":{"type":"LineString","coordinates":[[-88.900808,17.857746],[-88.900814,17.857758]]}},{"type":"Feature","properties":{"site":"Blue Creek Central Precinct","t":"line"},"geometry":{"type":"LineString","coordinates":[[-88.900729,17.857747],[-88.900724,17.857758]]}},{"type":"Feature","properties":{"site":"Blue Creek Central Precinct","t":"line"},"geometry":{"type":"LineString","coordinates":[[-88.900729,17.857724],[-88.900723,17.857712]]}},{"type":"Feature","properties":{"site":"Blue Creek Central Precinct","t":"line"},"geometry":{"type":"LineString","coordinates":[[-88.90104,17.858016],[-88.901041,17.858085]]}},{"type":"Feature","properties":{"site":"Blue Creek Central Precinct","t":"line"},"geometry":{"type":"LineString","coordinates":[[-88.901041,17.858085],[-88.900818,17.858087]]}},{"type":"Feature","properties":{"site":"Blue Creek Central Precinct","t":"line"},"geometry":{"type":"LineString","coordinates":[[-88.900818,17.858087],[-88.900817,17.858018]]}},{"type":"Feature","properties":{"site":"Blue Creek Central Precinct","t":"line"},"geometry":{"type":"LineString","coordinates":[[-88.900817,17.858018],[-88.90104,17.858016]]}},{"type":"Feature","properties":{"site":"Blue Creek Central Precinct","t":"line"},"geometry":{"type":"LineString","coordinates":[[-88.90104,17.858016],[-88.901034,17.858027]]}},{"type":"Feature","properties":{"site":"Blue Creek Central Precinct","t":"line"},"geometry":{"type":"LineString","coordinates":[[-88.901034,17.858027],[-88.901035,17.858073]]}},{"type":"Feature","properties":{"site":"Blue Creek Central Precinct","t":"line"},"geometry":{"type":"LineString","coordinates":[[-88.901035,17.858073],[-88.90083,17.858075]]}},{"type":"Feature","properties":{"site":"Blue Creek Central Precinct","t":"line"},"geometry":{"type":"LineString","coordinates":[[-88.90083,17.858075],[-88.900829,17.858029]]}},{"type":"Feature","properties":{"site":"Blue Creek Central Precinct","t":"line"},"geometry":{"type":"LineString","coordinates":[[-88.900829,17.858029],[-88.901034,17.858027]]}},{"type":"Feature","properties":{"site":"Blue Creek Central Precinct","t":"line"},"geometry":{"type":"LineString","coordinates":[[-88.901035,17.858073],[-88.901041,17.858085]]}},{"type":"Feature","properties":{"site":"Blue Creek Central Precinct","t":"line"},"geometry":{"type":"LineString","coordinates":[[-88.90083,17.858075],[-88.900818,17.858087]]}},{"type":"Feature","properties":{"site":"Blue Creek Central Precinct","t":"line"},"geometry":{"type":"LineString","coordinates":[[-88.900829,17.858029],[-88.900817,17.858018]]}},{"type":"Feature","properties":{"site":"Blue Creek Central Precinct","t":"line"},"geometry":{"type":"LineString","coordinates":[[-88.901047,17.858114],[-88.901048,17.858172]]}},{"type":"Feature","properties":{"site":"Blue Creek Central Precinct","t":"line"},"geometry":{"type":"LineString","coordinates":[[-88.901048,17.858172],[-88.900982,17.858172]]}},{"type":"Feature","properties":{"site":"Blue Creek Central Precinct","t":"line"},"geometry":{"type":"LineString","coordinates":[[-88.900982,17.858172],[-88.900981,17.858114]]}},{"type":"Feature","properties":{"site":"Blue Creek Central Precinct","t":"line"},"geometry":{"type":"LineString","coordinates":[[-88.900981,17.858114],[-88.901047,17.858114]]}},{"type":"Feature","properties":{"site":"Blue Creek Central Precinct","t":"line"},"geometry":{"type":"LineString","coordinates":[[-88.901047,17.858114],[-88.901035,17.858125]]}},{"type":"Feature","properties":{"site":"Blue Creek Central Precinct","t":"line"},"geometry":{"type":"LineString","coordinates":[[-88.901035,17.858125],[-88.901036,17.858166]]}},{"type":"Feature","properties":{"site":"Blue Creek Central Precinct","t":"line"},"geometry":{"type":"LineString","coordinates":[[-88.901036,17.858166],[-88.900987,17.858166]]}},{"type":"Feature","properties":{"site":"Blue Creek Central Precinct","t":"line"},"geometry":{"type":"LineString","coordinates":[[-88.900987,17.858166],[-88.900987,17.858126]]}},{"type":"Feature","properties":{"site":"Blue Creek Central Precinct","t":"line"},"geometry":{"type":"LineString","coordinates":[[-88.900987,17.858126],[-88.901035,17.858125]]}},{"type":"Feature","properties":{"site":"Blue Creek Central Precinct","t":"line"},"geometry":{"type":"LineString","coordinates":[[-88.901036,17.858166],[-88.901048,17.858172]]}},{"type":"Feature","properties":{"site":"Blue Creek Central Precinct","t":"line"},"geometry":{"type":"LineString","coordinates":[[-88.900987,17.858166],[-88.900982,17.858172]]}},{"type":"Feature","properties":{"site":"Blue Creek Central Precinct","t":"line"},"geometry":{"type":"LineString","coordinates":[[-88.900987,17.858126],[-88.900981,17.858114]]}},{"type":"Feature","properties":{"site":"Blue Creek Central Precinct","t":"line"},"geometry":{"type":"LineString","coordinates":[[-88.901526,17.858855],[-88.90153,17.859173]]}},{"type":"Feature","properties":{"site":"Blue Creek Central Precinct","t":"line"},"geometry":{"type":"LineString","coordinates":[[-88.90153,17.859173],[-88.901258,17.859176]]}},{"type":"Feature","properties":{"site":"Blue Creek Central Precinct","t":"line"},"geometry":{"type":"LineString","coordinates":[[-88.901258,17.859176],[-88.901256,17.858985]]}},{"type":"Feature","properties":{"site":"Blue Creek Central Precinct","t":"line"},"geometry":{"type":"LineString","coordinates":[[-88.901256,17.858985],[-88.901322,17.858984]]}},{"type":"Feature","properties":{"site":"Blue Creek Central Precinct","t":"line"},"geometry":{"type":"LineString","coordinates":[[-88.901322,17.858984],[-88.901324,17.859129]]}},{"type":"Feature","properties":{"site":"Blue Creek Central Precinct","t":"line"},"geometry":{"type":"LineString","coordinates":[[-88.901324,17.859129],[-88.901475,17.859127]]}},{"type":"Feature","properties":{"site":"Blue Creek Central Precinct","t":"line"},"geometry":{"type":"LineString","coordinates":[[-88.901475,17.859127],[-88.901472,17.858856]]}},{"type":"Feature","properties":{"site":"Blue Creek Central Precinct","t":"line"},"geometry":{"type":"LineString","coordinates":[[-88.901472,17.858856],[-88.901526,17.858855]]}},{"type":"Feature","properties":{"site":"Blue Creek Central Precinct","t":"line"},"geometry":{"type":"LineString","coordinates":[[-88.901526,17.858855],[-88.901514,17.858867]]}},{"type":"Feature","properties":{"site":"Blue Creek Central Precinct","t":"line"},"geometry":{"type":"LineString","coordinates":[[-88.901514,17.858867],[-88.901517,17.859156]]}},{"type":"Feature","properties":{"site":"Blue Creek Central Precinct","t":"line"},"geometry":{"type":"LineString","coordinates":[[-88.901517,17.859156],[-88.901276,17.859158]]}},{"type":"Feature","properties":{"site":"Blue Creek Central Precinct","t":"line"},"geometry":{"type":"LineString","coordinates":[[-88.901276,17.859158],[-88.901274,17.858996]]}},{"type":"Feature","properties":{"site":"Blue Creek Central Precinct","t":"line"},"geometry":{"type":"LineString","coordinates":[[-88.901274,17.858996],[-88.90131,17.858996]]}},{"type":"Feature","properties":{"site":"Blue Creek Central Precinct","t":"line"},"geometry":{"type":"LineString","coordinates":[[-88.90131,17.858996],[-88.901312,17.85914]]}},{"type":"Feature","properties":{"site":"Blue Creek Central Precinct","t":"line"},"geometry":{"type":"LineString","coordinates":[[-88.901312,17.85914],[-88.901487,17.859139]]}},{"type":"Feature","properties":{"site":"Blue Creek Central Precinct","t":"line"},"geometry":{"type":"LineString","coordinates":[[-88.901487,17.859139],[-88.901484,17.858867]]}},{"type":"Feature","properties":{"site":"Blue Creek Central Precinct","t":"line"},"geometry":{"type":"LineString","coordinates":[[-88.901484,17.858867],[-88.901514,17.858867]]}},{"type":"Feature","properties":{"site":"Blue Creek Central Precinct","t":"line"},"geometry":{"type":"LineString","coordinates":[[-88.901472,17.858856],[-88.901484,17.858867]]}},{"type":"Feature","properties":{"site":"Blue Creek Central Precinct","t":"line"},"geometry":{"type":"LineString","coordinates":[[-88.901517,17.859156],[-88.90153,17.859173]]}},{"type":"Feature","properties":{"site":"Blue Creek Central Precinct","t":"line"},"geometry":{"type":"LineString","coordinates":[[-88.901475,17.859127],[-88.901487,17.859139]]}},{"type":"Feature","properties":{"site":"Blue Creek Central Precinct","t":"line"},"geometry":{"type":"LineString","coordinates":[[-88.901324,17.859129],[-88.901312,17.85914]]}},{"type":"Feature","properties":{"site":"Blue Creek Central Precinct","t":"line"},"geometry":{"type":"LineString","coordinates":[[-88.901276,17.859158],[-88.901258,17.859176]]}},{"type":"Feature","properties":{"site":"Blue Creek Central Precinct","t":"line"},"geometry":{"type":"LineString","coordinates":[[-88.901262,17.858991],[-88.901274,17.858996]]}},{"type":"Feature","properties":{"site":"Blue Creek Central Precinct","t":"line"},"geometry":{"type":"LineString","coordinates":[[-88.901322,17.858984],[-88.901304,17.858996]]}},{"type":"Feature","properties":{"site":"Blue Creek Central Precinct","t":"line"},"geometry":{"type":"LineString","coordinates":[[-88.899363,17.85813],[-88.899364,17.858275]]}},{"type":"Feature","properties":{"site":"Blue Creek Central Precinct","t":"line"},"geometry":{"type":"LineString","coordinates":[[-88.899364,17.858275],[-88.899286,17.858276]]}},{"type":"Feature","properties":{"site":"Blue Creek Central Precinct","t":"line"},"geometry":{"type":"LineString","coordinates":[[-88.899286,17.858276],[-88.899284,17.858131]]}},{"type":"Feature","properties":{"site":"Blue Creek Central Precinct","t":"line"},"geometry":{"type":"LineString","coordinates":[[-88.899284,17.858131],[-88.899363,17.85813]]}},{"type":"Feature","properties":{"site":"Blue Creek Central Precinct","t":"line"},"geometry":{"type":"LineString","coordinates":[[-88.899363,17.85813],[-88.899351,17.858136]]}},{"type":"Feature","properties":{"site":"Blue Creek Central Precinct","t":"line"},"geometry":{"type":"LineString","coordinates":[[-88.899351,17.858136],[-88.899352,17.858269]]}},{"type":"Feature","properties":{"site":"Blue Creek Central Precinct","t":"line"},"geometry":{"type":"LineString","coordinates":[[-88.899352,17.858269],[-88.899298,17.85827]]}},{"type":"Feature","properties":{"site":"Blue Creek Central Precinct","t":"line"},"geometry":{"type":"LineString","coordinates":[[-88.899298,17.85827],[-88.899297,17.858137]]}},{"type":"Feature","properties":{"site":"Blue Creek Central Precinct","t":"line"},"geometry":{"type":"LineString","coordinates":[[-88.899297,17.858137],[-88.899351,17.858136]]}},{"type":"Feature","properties":{"site":"Blue Creek Central Precinct","t":"line"},"geometry":{"type":"LineString","coordinates":[[-88.899284,17.858131],[-88.899297,17.858137]]}},{"type":"Feature","properties":{"site":"Blue Creek Central Precinct","t":"line"},"geometry":{"type":"LineString","coordinates":[[-88.899352,17.858205],[-88.899297,17.858206]]}},{"type":"Feature","properties":{"site":"Blue Creek Central Precinct","t":"line"},"geometry":{"type":"LineString","coordinates":[[-88.899297,17.858223],[-88.899352,17.858223]]}},{"type":"Feature","properties":{"site":"Blue Creek Central Precinct","t":"line"},"geometry":{"type":"LineString","coordinates":[[-88.899352,17.858223],[-88.899352,17.858211]]}},{"type":"Feature","properties":{"site":"Blue Creek Central Precinct","t":"line"},"geometry":{"type":"LineString","coordinates":[[-88.899352,17.858211],[-88.899352,17.858205]]}},{"type":"Feature","properties":{"site":"Blue Creek Central Precinct","t":"line"},"geometry":{"type":"LineString","coordinates":[[-88.899297,17.858206],[-88.899309,17.858212]]}},{"type":"Feature","properties":{"site":"Blue Creek Central Precinct","t":"line"},"geometry":{"type":"LineString","coordinates":[[-88.899309,17.858212],[-88.899297,17.858223]]}},{"type":"Feature","properties":{"site":"Blue Creek Central Precinct","t":"line"},"geometry":{"type":"LineString","coordinates":[[-88.899309,17.858212],[-88.899352,17.858211]]}},{"type":"Feature","properties":{"site":"Blue Creek Central Precinct","t":"line"},"geometry":{"type":"LineString","coordinates":[[-88.899298,17.85827],[-88.899286,17.858276]]}},{"type":"Feature","properties":{"site":"Blue Creek Central Precinct","t":"line"},"geometry":{"type":"LineString","coordinates":[[-88.899352,17.858269],[-88.899364,17.858275]]}},{"type":"Feature","properties":{"site":"Blue Creek Central Precinct","t":"line"},"geometry":{"type":"LineString","coordinates":[[-88.900383,17.855807],[-88.900401,17.855807]]}},{"type":"Feature","properties":{"site":"Blue Creek Central Precinct","t":"line"},"geometry":{"type":"LineString","coordinates":[[-88.901774,17.854932],[-88.901738,17.854933]]}},{"type":"Feature","properties":{"site":"Blue Creek Central Precinct","t":"line"},"geometry":{"type":"LineString","coordinates":[[-88.901738,17.854933],[-88.901739,17.854979]]}},{"type":"Feature","properties":{"site":"Blue Creek Central Precinct","t":"line"},"geometry":{"type":"LineString","coordinates":[[-88.901739,17.854979],[-88.901775,17.854979]]}},{"type":"Feature","properties":{"site":"Blue Creek Central Precinct","t":"line"},"geometry":{"type":"LineString","coordinates":[[-88.901775,17.854979],[-88.901774,17.854932]]}},{"type":"Feature","properties":{"site":"Blue Creek Central Precinct","t":"line"},"geometry":{"type":"LineString","coordinates":[[-88.901769,17.854961],[-88.90175,17.854961]]}},{"type":"Feature","properties":{"site":"Blue Creek Central Precinct","t":"line"},"geometry":{"type":"LineString","coordinates":[[-88.90175,17.854961],[-88.90175,17.854944]]}},{"type":"Feature","properties":{"site":"Blue Creek Central Precinct","t":"line"},"geometry":{"type":"LineString","coordinates":[[-88.90175,17.854944],[-88.901768,17.854944]]}},{"type":"Feature","properties":{"site":"Blue Creek Central Precinct","t":"line"},"geometry":{"type":"LineString","coordinates":[[-88.901768,17.854944],[-88.901769,17.854961]]}},{"type":"Feature","properties":{"site":"Blue Creek Central Precinct","t":"line"},"geometry":{"type":"LineString","coordinates":[[-88.901774,17.854932],[-88.901768,17.854944]]}},{"type":"Feature","properties":{"site":"Blue Creek Central Precinct","t":"line"},"geometry":{"type":"LineString","coordinates":[[-88.901738,17.854933],[-88.90175,17.854944]]}},{"type":"Feature","properties":{"site":"Blue Creek Central Precinct","t":"line"},"geometry":{"type":"LineString","coordinates":[[-88.90175,17.854961],[-88.901739,17.854979]]}},{"type":"Feature","properties":{"site":"Blue Creek Central Precinct","t":"line"},"geometry":{"type":"LineString","coordinates":[[-88.901769,17.854961],[-88.901775,17.854979]]}},{"type":"Feature","properties":{"site":"Chan Cahal","t":"line"},"geometry":{"type":"LineString","coordinates":[[-88.884163,17.872481],[-88.884013,17.872486],[-88.88402,17.872244],[-88.884165,17.87225],[-88.884156,17.872484]]}},{"type":"Feature","properties":{"site":"Chan Cahal","t":"line"},"geometry":{"type":"LineString","coordinates":[[-88.884122,17.872448],[-88.88413,17.872274],[-88.884035,17.872274],[-88.884038,17.872448],[-88.884122,17.872448]]}},{"type":"Feature","properties":{"site":"Chan Cahal","t":"line"},"geometry":{"type":"LineString","coordinates":[[-88.884015,17.872288],[-88.883542,17.872288],[-88.883666,17.871731],[-88.884204,17.871749],[-88.884171,17.872253]]}},{"type":"Feature","properties":{"site":"Chan Cahal","t":"line"},"geometry":{"type":"LineString","coordinates":[[-88.884138,17.872236],[-88.884169,17.871786],[-88.883701,17.871766],[-88.883592,17.872244],[-88.884136,17.87224],[-88.884125,17.87222]]}},{"type":"Feature","properties":{"site":"Chan Cahal","t":"line"},"geometry":{"type":"LineString","coordinates":[[-88.883543,17.872287],[-88.88359,17.872247]]}},{"type":"Feature","properties":{"site":"Chan Cahal","t":"line"},"geometry":{"type":"LineString","coordinates":[[-88.883669,17.871731],[-88.883703,17.871767],[-88.883703,17.871746]]}},{"type":"Feature","properties":{"site":"Chan Cahal","t":"line"},"geometry":{"type":"LineString","coordinates":[[-88.884169,17.871786],[-88.884202,17.871747]]}},{"type":"Feature","properties":{"site":"Chan Cahal","t":"line"},"geometry":{"type":"LineString","coordinates":[[-88.884094,17.872412],[-88.884161,17.872484]]}},{"type":"Feature","properties":{"site":"Chan Cahal","t":"line"},"geometry":{"type":"LineString","coordinates":[[-88.884087,17.872414],[-88.884092,17.872297],[-88.884158,17.872251]]}},{"type":"Feature","properties":{"site":"Chan Cahal","t":"line"},"geometry":{"type":"LineString","coordinates":[[-88.88402,17.87225],[-88.884092,17.872298]]}},{"type":"Feature","properties":{"site":"Chan Cahal","t":"line"},"geometry":{"type":"LineString","coordinates":[[-88.884015,17.872484],[-88.884082,17.872412]]}},{"type":"Feature","properties":{"site":"Chan Cahal","t":"line"},"geometry":{"type":"LineString","coordinates":[[-88.883093,17.872426],[-88.88295,17.872426],[-88.882947,17.872272],[-88.88309,17.87227],[-88.883093,17.872426]]}},{"type":"Feature","properties":{"site":"Chan Cahal","t":"line"},"geometry":{"type":"LineString","coordinates":[[-88.883063,17.872389],[-88.882983,17.872389],[-88.882981,17.872311],[-88.88306,17.872311],[-88.883062,17.87239]]}},{"type":"Feature","properties":{"site":"Chan Cahal","t":"line"},"geometry":{"type":"LineString","coordinates":[[-88.88306,17.872312],[-88.883089,17.872271]]}},{"type":"Feature","properties":{"site":"Chan Cahal","t":"line"},"geometry":{"type":"LineString","coordinates":[[-88.883063,17.87239],[-88.883093,17.872426]]}},{"type":"Feature","properties":{"site":"Chan Cahal","t":"line"},"geometry":{"type":"LineString","coordinates":[[-88.882951,17.872425],[-88.882983,17.872387]]}},{"type":"Feature","properties":{"site":"Chan Cahal","t":"line"},"geometry":{"type":"LineString","coordinates":[[-88.882948,17.872272],[-88.882979,17.872311]]}},{"type":"Feature","properties":{"site":"Chan Cahal","t":"line"},"geometry":{"type":"LineString","coordinates":[[-88.882286,17.873858],[-88.882429,17.873856],[-88.882426,17.873711],[-88.882286,17.873712],[-88.882288,17.873858]]}},{"type":"Feature","properties":{"site":"Chan Cahal","t":"line"},"geometry":{"type":"LineString","coordinates":[[-88.882319,17.873824],[-88.882398,17.873824],[-88.882397,17.87374],[-88.882314,17.873739],[-88.882319,17.873825]]}},{"type":"Feature","properties":{"site":"Chan Cahal","t":"line"},"geometry":{"type":"LineString","coordinates":[[-88.882019,17.873664],[-88.881932,17.873662],[-88.881932,17.873586],[-88.88202,17.873584],[-88.88202,17.873663]]}},{"type":"Feature","properties":{"site":"Chan Cahal","t":"line"},"geometry":{"type":"LineString","coordinates":[[-88.882045,17.873689],[-88.881911,17.87369],[-88.881906,17.873544],[-88.882039,17.873544],[-88.882043,17.873691]]}},{"type":"Feature","properties":{"site":"Chan Cahal","t":"line"},"geometry":{"type":"LineString","coordinates":[[-88.882095,17.872974],[-88.882213,17.872972],[-88.882209,17.872826],[-88.882094,17.872828],[-88.882097,17.872974]]}},{"type":"Feature","properties":{"site":"Chan Cahal","t":"line"},"geometry":{"type":"LineString","coordinates":[[-88.882177,17.872941],[-88.882121,17.872941],[-88.882118,17.872863],[-88.882181,17.872867],[-88.882181,17.872943]]}},{"type":"Feature","properties":{"site":"Chan Cahal","t":"line"},"geometry":{"type":"LineString","coordinates":[[-88.882222,17.872442],[-88.882332,17.872442],[-88.88233,17.872288],[-88.88222,17.872289],[-88.88222,17.872443]]}},{"type":"Feature","properties":{"site":"Chan Cahal","t":"line"},"geometry":{"type":"LineString","coordinates":[[-88.881093,17.872313],[-88.880951,17.872313],[-88.880948,17.872161],[-88.881089,17.87216],[-88.881094,17.872312]]}},{"type":"Feature","properties":{"site":"Chan Cahal","t":"line"},"geometry":{"type":"LineString","coordinates":[[-88.881066,17.872277],[-88.880983,17.872279],[-88.88098,17.872186],[-88.881064,17.872185],[-88.881066,17.872277]]}},{"type":"Feature","properties":{"site":"Chan Cahal","t":"line"},"geometry":{"type":"LineString","coordinates":[[-88.880956,17.872313],[-88.880983,17.872279]]}},{"type":"Feature","properties":{"site":"Chan Cahal","t":"line"},"geometry":{"type":"LineString","coordinates":[[-88.880947,17.872161],[-88.880982,17.872187]]}},{"type":"Feature","properties":{"site":"Chan Cahal","t":"line"},"geometry":{"type":"LineString","coordinates":[[-88.881063,17.872185],[-88.881092,17.872159]]}},{"type":"Feature","properties":{"site":"Chan Cahal","t":"line"},"geometry":{"type":"LineString","coordinates":[[-88.881066,17.872281],[-88.881094,17.872312]]}},{"type":"Feature","properties":{"site":"Chan Cahal","t":"line"},"geometry":{"type":"LineString","coordinates":[[-88.882404,17.871617],[-88.882306,17.871616],[-88.882296,17.871437],[-88.882404,17.871442],[-88.882404,17.871619]]}},{"type":"Feature","properties":{"site":"Chan Cahal","t":"line"},"geometry":{"type":"LineString","coordinates":[[-88.881834,17.871995],[-88.881701,17.871994],[-88.881699,17.871847],[-88.881834,17.871849],[-88.881836,17.871991]]}},{"type":"Feature","properties":{"site":"Chan Cahal","t":"line"},"geometry":{"type":"LineString","coordinates":[[-88.881804,17.871954],[-88.881728,17.871957],[-88.881727,17.871879],[-88.881807,17.871885],[-88.881808,17.871954]]}},{"type":"Feature","properties":{"site":"Chan Cahal","t":"line"},"geometry":{"type":"LineString","coordinates":[[-88.882425,17.871002],[-88.882517,17.871001],[-88.882512,17.870903],[-88.882422,17.870905],[-88.882428,17.871]]}},{"type":"Feature","properties":{"site":"Chan Cahal","t":"line"},"geometry":{"type":"LineString","coordinates":[[-88.882038,17.871173],[-88.881961,17.871176],[-88.881958,17.871074],[-88.882037,17.871072],[-88.88204,17.871171]]}},{"type":"Feature","properties":{"site":"Chan Cahal","t":"line"},"geometry":{"type":"LineString","coordinates":[[-88.882215,17.870727],[-88.882174,17.870725],[-88.882175,17.870588],[-88.882284,17.870582],[-88.882284,17.870631],[-88.882218,17.870633],[-88.882219,17.870728]]}},{"type":"Feature","properties":{"site":"Chan Cahal","t":"line"},"geometry":{"type":"LineString","coordinates":[[-88.881677,17.870957],[-88.88157,17.87096],[-88.881562,17.870684],[-88.881673,17.870686],[-88.881678,17.870955]]}},{"type":"Feature","properties":{"site":"Chan Cahal","t":"line"},"geometry":{"type":"LineString","coordinates":[[-88.881566,17.870828],[-88.88167,17.870828]]}},{"type":"Feature","properties":{"site":"Chan Cahal","t":"line"},"geometry":{"type":"LineString","coordinates":[[-88.880573,17.868773],[-88.88071,17.868775],[-88.880707,17.868624],[-88.880568,17.868632],[-88.880571,17.868775]]}},{"type":"Feature","properties":{"site":"Chan Cahal","t":"line"},"geometry":{"type":"LineString","coordinates":[[-88.880677,17.868736],[-88.880603,17.868737],[-88.880598,17.868656],[-88.88068,17.868657],[-88.88068,17.868734]]}},{"type":"Feature","properties":{"site":"Chan Cahal","t":"line"},"geometry":{"type":"LineString","coordinates":[[-88.879691,17.86903],[-88.879577,17.869028],[-88.879576,17.868882],[-88.879687,17.868881],[-88.879691,17.869028]]}},{"type":"Feature","properties":{"site":"Chan Cahal","t":"line"},"geometry":{"type":"LineString","coordinates":[[-88.879657,17.868997],[-88.879595,17.869001],[-88.879594,17.868914],[-88.879661,17.868917],[-88.879661,17.868994]]}},{"type":"Feature","properties":{"site":"Chan Cahal","t":"line"},"geometry":{"type":"LineString","coordinates":[[-88.879697,17.870366],[-88.879548,17.870366],[-88.879548,17.870209],[-88.87969,17.87021],[-88.879695,17.870365]]}},{"type":"Feature","properties":{"site":"Chan Cahal","t":"line"},"geometry":{"type":"LineString","coordinates":[[-88.879668,17.870323],[-88.879589,17.870326],[-88.879589,17.870248],[-88.879667,17.870244],[-88.879668,17.870323]]}},{"type":"Feature","properties":{"site":"Chan Cahal","t":"line"},"geometry":{"type":"LineString","coordinates":[[-88.879803,17.86995],[-88.879917,17.869948],[-88.879914,17.869816],[-88.8798,17.869818],[-88.879803,17.86995]]}},{"type":"Feature","properties":{"site":"Chan Cahal","t":"line"},"geometry":{"type":"LineString","coordinates":[[-88.879894,17.869925],[-88.879834,17.869927],[-88.879833,17.869838],[-88.879892,17.869837],[-88.879893,17.869928]]}},{"type":"Feature","properties":{"site":"Chan Cahal","t":"line"},"geometry":{"type":"LineString","coordinates":[[-88.880395,17.869873],[-88.880503,17.869871],[-88.880501,17.869722],[-88.880394,17.869725],[-88.880398,17.869875]]}},{"type":"Feature","properties":{"site":"Chan Cahal","t":"line"},"geometry":{"type":"LineString","coordinates":[[-88.88048,17.869838],[-88.880419,17.869835],[-88.880419,17.869756],[-88.880478,17.869753],[-88.880485,17.869835]]}},{"type":"Feature","properties":{"site":"Chan Cahal","t":"line"},"geometry":{"type":"LineString","coordinates":[[-88.880788,17.869648],[-88.880921,17.869646],[-88.88092,17.869499],[-88.88078,17.869503],[-88.880785,17.869647]]}},{"type":"Feature","properties":{"site":"Chan Cahal","t":"line"},"geometry":{"type":"LineString","coordinates":[[-88.880889,17.869614],[-88.880808,17.869615],[-88.880808,17.869539],[-88.88089,17.869538],[-88.880891,17.869611]]}},{"type":"Feature","properties":{"site":"Chan Cahal","t":"line"},"geometry":{"type":"LineString","coordinates":[[-88.882317,17.869924],[-88.882183,17.869927],[-88.882184,17.869789],[-88.882319,17.869787],[-88.882317,17.869925]]}},{"type":"Feature","properties":{"site":"Chan Cahal","t":"line"},"geometry":{"type":"LineString","coordinates":[[-88.882293,17.869901],[-88.882206,17.869902],[-88.882205,17.86982],[-88.882294,17.86982],[-88.882296,17.869902]]}},{"type":"Feature","properties":{"site":"Chan Cahal","t":"line"},"geometry":{"type":"LineString","coordinates":[[-88.88068,17.868735],[-88.880711,17.868776]]}},{"type":"Feature","properties":{"site":"Chan Cahal","t":"line"},"geometry":{"type":"LineString","coordinates":[[-88.880572,17.868774],[-88.880602,17.868735]]}},{"type":"Feature","properties":{"site":"Chan Cahal","t":"line"},"geometry":{"type":"LineString","coordinates":[[-88.880681,17.868658],[-88.880708,17.868625]]}},{"type":"Feature","properties":{"site":"Chan Cahal","t":"line"},"geometry":{"type":"LineString","coordinates":[[-88.880599,17.868658],[-88.880568,17.86863]]}},{"type":"Feature","properties":{"site":"Chan Cahal","t":"line"},"geometry":{"type":"LineString","coordinates":[[-88.880955,17.870487],[-88.880834,17.870487],[-88.880832,17.870352],[-88.880951,17.870351],[-88.880955,17.870487]]}},{"type":"Feature","properties":{"site":"Chan Cahal","t":"line"},"geometry":{"type":"LineString","coordinates":[[-88.880929,17.870464],[-88.880862,17.870466],[-88.880864,17.870384],[-88.880932,17.870383],[-88.880931,17.870465]]}},{"type":"Feature","properties":{"site":"Chan Cahal","t":"line"},"geometry":{"type":"LineString","coordinates":[[-88.880834,17.870487],[-88.880862,17.870467]]}},{"type":"Feature","properties":{"site":"Chan Cahal","t":"line"},"geometry":{"type":"LineString","coordinates":[[-88.880955,17.870487],[-88.880931,17.870464]]}},{"type":"Feature","properties":{"site":"Chan Cahal","t":"line"},"geometry":{"type":"LineString","coordinates":[[-88.880931,17.870383],[-88.880951,17.870352]]}},{"type":"Feature","properties":{"site":"Chan Cahal","t":"line"},"geometry":{"type":"LineString","coordinates":[[-88.880831,17.870353],[-88.880864,17.870386]]}},{"type":"Feature","properties":{"site":"Chan Cahal","t":"line"},"geometry":{"type":"LineString","coordinates":[[-88.880599,17.870915],[-88.880489,17.870916],[-88.880483,17.870761],[-88.88059,17.870764],[-88.880595,17.870917]]}},{"type":"Feature","properties":{"site":"Chan Cahal","t":"line"},"geometry":{"type":"LineString","coordinates":[[-88.880576,17.870876],[-88.880499,17.870874],[-88.880498,17.8708],[-88.880572,17.870802],[-88.880575,17.870875]]}},{"type":"Feature","properties":{"site":"Chan Cahal","t":"line"},"geometry":{"type":"LineString","coordinates":[[-88.880592,17.870913],[-88.880571,17.870875]]}},{"type":"Feature","properties":{"site":"Chan Cahal","t":"line"},"geometry":{"type":"LineString","coordinates":[[-88.880486,17.870918],[-88.880504,17.870877]]}},{"type":"Feature","properties":{"site":"Chan Cahal","t":"line"},"geometry":{"type":"LineString","coordinates":[[-88.880575,17.870799],[-88.880587,17.870762]]}},{"type":"Feature","properties":{"site":"Chan Cahal","t":"line"},"geometry":{"type":"LineString","coordinates":[[-88.880484,17.870761],[-88.880505,17.870803]]}},{"type":"Feature","properties":{"site":"Chan Cahal","t":"line"},"geometry":{"type":"LineString","coordinates":[[-88.8834,17.871637],[-88.883459,17.871549],[-88.883347,17.871447],[-88.88328,17.871542],[-88.883399,17.871639]]}},{"type":"Feature","properties":{"site":"Chan Cahal","t":"line"},"geometry":{"type":"LineString","coordinates":[[-88.883397,17.871607],[-88.883428,17.871548],[-88.883353,17.871484],[-88.88332,17.871532],[-88.883398,17.871605]]}},{"type":"Feature","properties":{"site":"Chan Cahal","t":"line"},"geometry":{"type":"LineString","coordinates":[[-88.883428,17.871547],[-88.883458,17.87155]]}},{"type":"Feature","properties":{"site":"Chan Cahal","t":"line"},"geometry":{"type":"LineString","coordinates":[[-88.883397,17.871607],[-88.883401,17.87164]]}},{"type":"Feature","properties":{"site":"Chan Cahal","t":"line"},"geometry":{"type":"LineString","coordinates":[[-88.883279,17.87154],[-88.88332,17.871536]]}},{"type":"Feature","properties":{"site":"Chan Cahal","t":"line"},"geometry":{"type":"LineString","coordinates":[[-88.883347,17.871447],[-88.883353,17.871487]]}}]}